session_id,participant_id,status,started_datetime,completed_date_time,time_taken,age,num_approvals,num_rejections,prolific_score,reviewed_at_datetime,entered_code,Country of Birth,Current Country of Residence,Employment Status,First Language,Fluent languages,Nationality,Record Audio,Sex,Student Status
62a8b096915e2c892d3443a3,590eb4006d77630001d3a28a,AWAITING REVIEW,2022-06-14 16:00:25.891000,2022-06-14 16:19:22.509000,1136.618,26,1044,4,100,,NOCODE,United States,United States,Unemployed (and job seeking),English,English,United States,Yes,Female,No
62a8b30a1ae2f39d44037b8f,6094c0e7af94737806eca8f2,AWAITING REVIEW,2022-06-14 16:10:57.504000,2022-06-14 16:31:23.512000,1226.008,27,69,0,100,,NOCODE,United States,United States,DATA EXPIRED,English,"Chinese, English, Spanish",United States,Yes,Male,Yes
62a8b4dc61d68d6a86c8bcca,5e1508eb18e869b078576e94,RETURNED,2022-06-14 16:19:17.979000,,11933.443472,29,998,3,100,,,CONSENT REVOKED,CONSENT REVOKED,CONSENT REVOKED,CONSENT REVOKED,CONSENT REVOKED,CONSENT REVOKED,CONSENT REVOKED,CONSENT REVOKED,CONSENT REVOKED
62a8b791f1d636976d37651e,572036a1fd3a5200093c126b,RETURNED,2022-06-14 16:30:12.401000,2022-06-14 16:31:30.275000,77.874,44,3077,6,100,,4FE58992,CONSENT REVOKED,CONSENT REVOKED,CONSENT REVOKED,CONSENT REVOKED,CONSENT REVOKED,CONSENT REVOKED,CONSENT REVOKED,CONSENT REVOKED,CONSENT REVOKED
62a8b7b414569515526ff229,611bef112e9841a0a0f5a8d4,RETURNED,2022-06-14 16:30:48.553000,,11242.912302,41,47,0,100,,,CONSENT REVOKED,CONSENT REVOKED,CONSENT REVOKED,CONSENT REVOKED,CONSENT REVOKED,CONSENT REVOKED,CONSENT REVOKED,CONSENT REVOKED,CONSENT REVOKED
62a8b8515678079aa2c69a72,611112142433b5e95c84acd9,AWAITING REVIEW,2022-06-14 16:33:24.075000,2022-06-14 16:50:07.368000,1003.293,27,424,0,100,,NOCODE,United States,United States,Full-Time,English,English,United States,Yes,Female,No
62a8b8dfdd94e86e95ac708f,61006b0f1f3bfddb6b4c5d55,RETURNED,2022-06-14 16:35:59.149000,,10932.348646,31,38,0,100,,,CONSENT REVOKED,CONSENT REVOKED,CONSENT REVOKED,CONSENT REVOKED,CONSENT REVOKED,CONSENT REVOKED,CONSENT REVOKED,CONSENT REVOKED,CONSENT REVOKED
62a8ba6d1e36976d66660c1d,60fe1a43857cc5f00d4a78ec,RETURNED,2022-06-14 16:42:25.104000,,10546.41292,41,851,2,100,,,CONSENT REVOKED,CONSENT REVOKED,CONSENT REVOKED,CONSENT REVOKED,CONSENT REVOKED,CONSENT REVOKED,CONSENT REVOKED,CONSENT REVOKED,CONSENT REVOKED
62a8bb17b4611ccd679203b8,5ac2a84e5cd10500016219e9,AWAITING REVIEW,2022-06-14 16:45:14.334000,2022-06-14 16:58:28.435000,794.101,23,206,1,100,,NOCODE,United States,United States,Full-Time,English,English,United States,Yes,Female,Yes
62a8bc50405f43858ce55411,5e74e1df5ae15103a51a1ee8,RETURNED,2022-06-14 16:50:50.199000,,10041.346754,33,46,0,100,,,CONSENT REVOKED,CONSENT REVOKED,CONSENT REVOKED,CONSENT REVOKED,CONSENT REVOKED,CONSENT REVOKED,CONSENT REVOKED,CONSENT REVOKED,CONSENT REVOKED
62a8bcac71218746cd4424d3,601fc50f4b7f33504a02cd52,TIMED-OUT,2022-06-14 16:52:02.308000,,9969.251162,44,792,16,96,,,United States,United States,Full-Time,English,English,United States,Yes,Female,No
62a8bcda1c2e2a51aff67ce2,57ad04adddc11d00015bb1c3,RETURNED,2022-06-14 16:52:49.558000,,9922.015637,32,837,9,97,,,CONSENT REVOKED,CONSENT REVOKED,CONSENT REVOKED,CONSENT REVOKED,CONSENT REVOKED,CONSENT REVOKED,CONSENT REVOKED,CONSENT REVOKED,CONSENT REVOKED
62a8bd2da841fdbd114df1b7,611d7da2640a2e31818c3e18,AWAITING REVIEW,2022-06-14 16:54:10.891000,2022-06-14 17:07:42.144000,811.253,26,1080,1,100,,NOCODE,United States,United States,Part-Time,English,English,United States,Yes,Female,No
62a8bd2ddec411e42ba43176,589ce4d65e63bf00013b3175,RETURNED,2022-06-14 16:54:08.581000,,9843.02461,27,2172,3,100,,,CONSENT REVOKED,CONSENT REVOKED,CONSENT REVOKED,CONSENT REVOKED,CONSENT REVOKED,CONSENT REVOKED,CONSENT REVOKED,CONSENT REVOKED,CONSENT REVOKED
62a8bd3bb7d308d6bef93c59,5e1b299528c70235eeed62ef,RETURNED,2022-06-14 16:54:24.114000,,9827.506533,33,1415,7,99,,,CONSENT REVOKED,CONSENT REVOKED,CONSENT REVOKED,CONSENT REVOKED,CONSENT REVOKED,CONSENT REVOKED,CONSENT REVOKED,CONSENT REVOKED,CONSENT REVOKED
62a8bd5507b7962fa85a6ab8,5badcd276322c5000157c196,RETURNED,2022-06-14 17:04:45.080000,,9206.55669,26,1192,10,98,,,CONSENT REVOKED,CONSENT REVOKED,CONSENT REVOKED,CONSENT REVOKED,CONSENT REVOKED,CONSENT REVOKED,CONSENT REVOKED,CONSENT REVOKED,CONSENT REVOKED
62a8bd59a841fdbd114df1b8,61bb38a640db417c1a138ccb,RETURNED,2022-06-14 16:54:52.276000,,9799.376771,30,389,1,100,,,CONSENT REVOKED,CONSENT REVOKED,CONSENT REVOKED,CONSENT REVOKED,CONSENT REVOKED,CONSENT REVOKED,CONSENT REVOKED,CONSENT REVOKED,CONSENT REVOKED
62a8bd8adec411e42ba4317e,5e5c88c3be924d475ff0fc34,RETURNED,2022-06-14 16:55:43.532000,,9748.139875,37,1618,19,96,,,CONSENT REVOKED,CONSENT REVOKED,CONSENT REVOKED,CONSENT REVOKED,CONSENT REVOKED,CONSENT REVOKED,CONSENT REVOKED,CONSENT REVOKED,CONSENT REVOKED
62a8be7fb96cc69d5d921e6a,5e6d0d5540c52a2c9fc7b560,RETURNED,2022-06-14 16:59:46.115000,,9505.57077,30,63,1,100,,,CONSENT REVOKED,CONSENT REVOKED,CONSENT REVOKED,CONSENT REVOKED,CONSENT REVOKED,CONSENT REVOKED,CONSENT REVOKED,CONSENT REVOKED,CONSENT REVOKED
62a8beaff0b5a17352c54fe8,56f29effed0cf60006911528,RETURNED,2022-06-14 17:00:33.361000,,9458.338162,46,1982,8,100,,,CONSENT REVOKED,CONSENT REVOKED,CONSENT REVOKED,CONSENT REVOKED,CONSENT REVOKED,CONSENT REVOKED,CONSENT REVOKED,CONSENT REVOKED,CONSENT REVOKED
62a8beb76798278f3573d690,6296cc20de63a753209d7d02,RETURNED,2022-06-14 17:10:39.679000,,8852.033987,33,37,1,99,,,CONSENT REVOKED,CONSENT REVOKED,CONSENT REVOKED,CONSENT REVOKED,CONSENT REVOKED,CONSENT REVOKED,CONSENT REVOKED,CONSENT REVOKED,CONSENT REVOKED
62a8bf249bf468e91c3efc92,5ffe97d636fe8d54580c662e,AWAITING REVIEW,2022-06-14 17:02:31.153000,2022-06-14 17:18:07.413000,936.26,19,759,1,100,,NOCODE,United States,United States,Part-Time,English,English,United States,Yes,Male,Yes
62a8bfa0d2e347d183d10f23,5ebb26803576b50eb12d87d9,RETURNED,2022-06-14 17:04:47.062000,,9204.681195,26,774,3,100,,,CONSENT REVOKED,CONSENT REVOKED,CONSENT REVOKED,CONSENT REVOKED,CONSENT REVOKED,CONSENT REVOKED,CONSENT REVOKED,CONSENT REVOKED,CONSENT REVOKED
62a8bff967427a8d6c86eb2e,60dfa0f80964725cfdab1685,RETURNED,2022-06-14 17:06:05.884000,,9125.876237,61,1272,2,100,,,CONSENT REVOKED,CONSENT REVOKED,CONSENT REVOKED,CONSENT REVOKED,CONSENT REVOKED,CONSENT REVOKED,CONSENT REVOKED,CONSENT REVOKED,CONSENT REVOKED
62a8c01eba41de1756bcf14a,628bab7a563952ff38d84627,RETURNED,2022-06-14 17:06:42.322000,,9089.452479,28,64,1,99,,,CONSENT REVOKED,CONSENT REVOKED,CONSENT REVOKED,CONSENT REVOKED,CONSENT REVOKED,CONSENT REVOKED,CONSENT REVOKED,CONSENT REVOKED,CONSENT REVOKED
62a8c037d9e307d53a4bf697,60fc66d467a3274c2934c562,RETURNED,2022-06-14 17:17:03.277000,,8468.510679,22,495,9,96,,,CONSENT REVOKED,CONSENT REVOKED,CONSENT REVOKED,CONSENT REVOKED,CONSENT REVOKED,CONSENT REVOKED,CONSENT REVOKED,CONSENT REVOKED,CONSENT REVOKED
62a8c047642df4f156d9b00e,607ba9f40639e8a2c931d622,RETURNED,2022-06-14 17:07:24.236000,,9047.567228,46,461,0,100,,,CONSENT REVOKED,CONSENT REVOKED,CONSENT REVOKED,CONSENT REVOKED,CONSENT REVOKED,CONSENT REVOKED,CONSENT REVOKED,CONSENT REVOKED,CONSENT REVOKED
62a8c07e0296cb65ef67dad0,5e954b384491ad117052cd48,AWAITING REVIEW,2022-06-14 17:08:17.835000,2022-06-14 17:21:01.578000,763.743,21,2095,3,100,,NOCODE,United States,United States,Full-Time,English,English,United States,Yes,Female,Yes
62a8c091e8fdfbf5febb1e46,5c69f9dd4b5bb30001b3d31c,RETURNED,2022-06-14 17:10:31.884000,,8859.947806,52,1038,3,100,,,CONSENT REVOKED,CONSENT REVOKED,CONSENT REVOKED,CONSENT REVOKED,CONSENT REVOKED,CONSENT REVOKED,CONSENT REVOKED,CONSENT REVOKED,CONSENT REVOKED
62a8c1129b82dc06a2dfe6fd,5ea7b13e8ac6491a2050e619,RETURNED,2022-06-14 17:10:45.645000,,8846.200806,69,2217,3,100,,,CONSENT REVOKED,CONSENT REVOKED,CONSENT REVOKED,CONSENT REVOKED,CONSENT REVOKED,CONSENT REVOKED,CONSENT REVOKED,CONSENT REVOKED,CONSENT REVOKED
62a8c11843a147f1af433480,5e483052a742a3000f7c15e8,AWAITING REVIEW,2022-06-14 17:10:51.428000,2022-06-14 18:18:45.381000,4073.953,32,860,3,100,,NOCODE,United States,United States,Full-Time,English,English,United States,Yes,Female,Yes
62a8c11f3544fbe0f86c3d1e,5acbd426e734400001da85e4,RETURNED,2022-06-14 17:15:34.635000,,8557.238421,52,822,0,100,,,CONSENT REVOKED,CONSENT REVOKED,CONSENT REVOKED,CONSENT REVOKED,CONSENT REVOKED,CONSENT REVOKED,CONSENT REVOKED,CONSENT REVOKED,CONSENT REVOKED
62a8c185a002d3c149da047d,615220b57cd6d1d3f7e031b2,RETURNED,2022-06-14 17:12:42.306000,,8729.582502,21,614,9,95,,,CONSENT REVOKED,CONSENT REVOKED,CONSENT REVOKED,CONSENT REVOKED,CONSENT REVOKED,CONSENT REVOKED,CONSENT REVOKED,CONSENT REVOKED,CONSENT REVOKED
62a8c19cc226e6ee74ebfae8,629689b8902bc98de5def57a,AWAITING REVIEW,2022-06-14 17:13:07.298000,2022-06-14 17:15:41.596000,154.298,72,23,1,99,,NOCODE,United States,United States,Other,English,English,United States,Yes,Female,No
62a8c1d995e18746e489e2d5,6150b927614a4f154f311f9d,RETURNED,2022-06-14 17:14:05.687000,,8646.231202,32,835,3,100,,,CONSENT REVOKED,CONSENT REVOKED,CONSENT REVOKED,CONSENT REVOKED,CONSENT REVOKED,CONSENT REVOKED,CONSENT REVOKED,CONSENT REVOKED,CONSENT REVOKED
62a8c1f4b62e4bc4cd6c9ee3,60cea844a7fff29a2a57f97e,RETURNED,2022-06-14 17:14:32.470000,,8619.463138,49,931,0,100,,,CONSENT REVOKED,CONSENT REVOKED,CONSENT REVOKED,CONSENT REVOKED,CONSENT REVOKED,CONSENT REVOKED,CONSENT REVOKED,CONSENT REVOKED,CONSENT REVOKED
62a8c2d7505998b146a4fde7,5e9fc65dee2ccf178f0e413f,RETURNED,2022-06-14 17:18:19.371000,,8392.575958,54,1800,26,96,,,CONSENT REVOKED,CONSENT REVOKED,CONSENT REVOKED,CONSENT REVOKED,CONSENT REVOKED,CONSENT REVOKED,CONSENT REVOKED,CONSENT REVOKED,CONSENT REVOKED
62a8c355adb0b9a72b9a9226,5bf08d054863520001b1e1dc,AWAITING REVIEW,2022-06-14 17:20:25.502000,2022-06-14 17:47:49.422000,1643.92,36,1064,17,96,,NOCODE,United States,United States,Full-Time,English,English,United States,Yes,Female,No
62a8c387da29eeaa1fee1351,58742bf5d53c97000159df8c,RETURNED,2022-06-14 17:21:23.912000,,8208.063104,33,3074,2,100,,,CONSENT REVOKED,CONSENT REVOKED,CONSENT REVOKED,CONSENT REVOKED,CONSENT REVOKED,CONSENT REVOKED,CONSENT REVOKED,CONSENT REVOKED,CONSENT REVOKED
62a8c3982b9176d383d2d02a,56780a5a89319e0011644cb4,AWAITING REVIEW,2022-06-14 17:21:36.132000,2022-06-14 17:44:19.842000,1363.71,46,501,1,100,,NOCODE,United States,United States,Full-Time,English,English,United States,Yes,Female,Yes
62a8c3fbe80fa5fd2db18f4f,5b5a822e1ad8270001c4f28d,RETURNED,2022-06-14 17:23:07.405000,,8104.598775,41,2950,8,100,,,CONSENT REVOKED,CONSENT REVOKED,CONSENT REVOKED,CONSENT REVOKED,CONSENT REVOKED,CONSENT REVOKED,CONSENT REVOKED,CONSENT REVOKED,CONSENT REVOKED
62a8c4b2a00637a10c45d6db,61099879ad45eb8f3c0db110,AWAITING REVIEW,2022-06-14 17:26:12.948000,2022-06-14 17:40:53.806000,880.858,29,1011,1,100,,NOCODE,United States,United States,Full-Time,English,English,United States,Yes,Female,No
62a8c4b89677a98740e42f01,60bebdec81297725b80fd773,RETURNED,2022-06-14 17:26:19.464000,,7912.568942,70,1472,17,97,,,CONSENT REVOKED,CONSENT REVOKED,CONSENT REVOKED,CONSENT REVOKED,CONSENT REVOKED,CONSENT REVOKED,CONSENT REVOKED,CONSENT REVOKED,CONSENT REVOKED
62a8c4ffe4ec402caf82b61d,62a3155c5cd5a19c5b1c8318,RETURNED,2022-06-14 17:27:45.988000,,7826.063477,29,8,0,100,,,CONSENT REVOKED,CONSENT REVOKED,CONSENT REVOKED,CONSENT REVOKED,CONSENT REVOKED,CONSENT REVOKED,CONSENT REVOKED,CONSENT REVOKED,CONSENT REVOKED
62a8c51f0d0c6fd47fcc5e7e,5d3d871e98775f001569addd,AWAITING REVIEW,2022-06-14 17:28:03.495000,2022-06-14 17:34:12.318000,368.823,62,1237,10,97,,3A6085A8,United States,United States,"Not in paid work (e.g. homemaker', 'retired or disabled)",English,English,United States,Yes,Female,No
62a8c5525994336c2a72e1c5,5f98c3f8f2d9be1e75e21709,AWAITING REVIEW,2022-06-14 17:28:55.859000,2022-06-14 17:33:11.202000,255.343,47,739,1,100,,NOCODE,United States,United States,Full-Time,English,English,United States,Yes,Male,No
62a8c5899e6faf73179d0511,61071ee0d98a6df6efb59716,RETURNED,2022-06-14 17:29:48.909000,,7703.195931,44,1311,1,100,,,CONSENT REVOKED,CONSENT REVOKED,CONSENT REVOKED,CONSENT REVOKED,CONSENT REVOKED,CONSENT REVOKED,CONSENT REVOKED,CONSENT REVOKED,CONSENT REVOKED
62a8c5924579ef69362ff64e,60fd080d5476f4a77211bafb,AWAITING REVIEW,2022-06-14 17:31:57.354000,2022-06-14 17:55:02.928000,1385.574,33,1086,2,100,,NOCODE,United States,United States,Full-Time,English,English,United States,Yes,Female,No
62a8c5ef040492120ae8b421,6266d7c7bfe6d9d74ff4e76f,AWAITING REVIEW,2022-06-14 17:31:32.650000,2022-06-14 17:56:39.303000,1506.653,52,359,7,97,,NOCODE,United States,United States,Full-Time,English,English,United States,Yes,Female,No
62a8c5f585948048cda97921,60fc5d49ff20168d794fe083,RETURNED,2022-06-14 17:31:35.558000,,7596.590128,23,521,4,99,,,CONSENT REVOKED,CONSENT REVOKED,CONSENT REVOKED,CONSENT REVOKED,CONSENT REVOKED,CONSENT REVOKED,CONSENT REVOKED,CONSENT REVOKED,CONSENT REVOKED
62a8c612ea3fbe2279ed0d16,613a7d38b07876db149b6031,RETURNED,2022-06-14 17:32:10.546000,,7561.616893,72,843,9,97,,,CONSENT REVOKED,CONSENT REVOKED,CONSENT REVOKED,CONSENT REVOKED,CONSENT REVOKED,CONSENT REVOKED,CONSENT REVOKED,CONSENT REVOKED,CONSENT REVOKED
62a8c65dab7062e5add5d998,5b894987e79bf50001e1ff95,AWAITING REVIEW,2022-06-14 17:33:20.934000,2022-06-14 18:01:33.993000,1693.059,49,961,0,100,,NOCODE,United States,United States,Full-Time,English,English,United States,Yes,Female,No
62a8c675e8fbbf50298ae8ad,60fdee22273f69b19ee4b8fb,AWAITING REVIEW,2022-06-14 17:33:45.456000,2022-06-14 17:56:13.307000,1347.851,56,1000,5,99,,NOCODE,United States,United States,Full-Time,English,English,United States,Yes,Female,No
62a8c68d53d09ed8ab251ec3,5dd9923922749791b319fc19,RETURNED,2022-06-14 17:35:43.258000,,7348.968043,38,1729,3,100,,,CONSENT REVOKED,CONSENT REVOKED,CONSENT REVOKED,CONSENT REVOKED,CONSENT REVOKED,CONSENT REVOKED,CONSENT REVOKED,CONSENT REVOKED,CONSENT REVOKED
62a8c6b123c3c55cb40bd47e,6149256f6335b06ade3723e0,RETURNED,2022-06-14 17:44:41.261000,,6810.981234,33,937,1,100,,,CONSENT REVOKED,CONSENT REVOKED,CONSENT REVOKED,CONSENT REVOKED,CONSENT REVOKED,CONSENT REVOKED,CONSENT REVOKED,CONSENT REVOKED,CONSENT REVOKED
62a8c6c6c405cfcfc36f570a,55ca03e1fdf99b2735fc1dde,RETURNED,2022-06-14 17:35:06.357000,,7385.900411,50,3221,2,100,,,CONSENT REVOKED,CONSENT REVOKED,CONSENT REVOKED,CONSENT REVOKED,CONSENT REVOKED,CONSENT REVOKED,CONSENT REVOKED,CONSENT REVOKED,CONSENT REVOKED
62a8c6cc19005de7eb56223b,5c4de8f726093e000134ee6e,AWAITING REVIEW,2022-06-14 17:35:23.629000,2022-06-14 18:07:54.830000,1951.201,54,2948,6,100,,NOCODE,United States,United States,Full-Time,English,English,United States,Yes,Male,No
62a8c7365994336c2a72e1cc,5dfac1ba83907981767ce907,RETURNED,2022-06-14 17:39:33.976000,,7118.340841,30,519,1,100,,,CONSENT REVOKED,CONSENT REVOKED,CONSENT REVOKED,CONSENT REVOKED,CONSENT REVOKED,CONSENT REVOKED,CONSENT REVOKED,CONSENT REVOKED,CONSENT REVOKED
62a8c73d5e0d38072b195755,569298838d93fe000dfa033c,RETURNED,2022-06-14 17:37:42.502000,,7229.829578,70,3511,4,100,,,CONSENT REVOKED,CONSENT REVOKED,CONSENT REVOKED,CONSENT REVOKED,CONSENT REVOKED,CONSENT REVOKED,CONSENT REVOKED,CONSENT REVOKED,CONSENT REVOKED
62a8c764b17a6897d370ebc1,616326a20970334859e5230d,RETURNED,2022-06-14 17:38:14.870000,,7197.477786,22,403,7,96,,,CONSENT REVOKED,CONSENT REVOKED,CONSENT REVOKED,CONSENT REVOKED,CONSENT REVOKED,CONSENT REVOKED,CONSENT REVOKED,CONSENT REVOKED,CONSENT REVOKED
62a8c797f16f010367ddaf6e,5ff8b291840bed124061d389,RETURNED,2022-06-14 17:38:39.379000,,7172.98529,41,1872,4,100,,,CONSENT REVOKED,CONSENT REVOKED,CONSENT REVOKED,CONSENT REVOKED,CONSENT REVOKED,CONSENT REVOKED,CONSENT REVOKED,CONSENT REVOKED,CONSENT REVOKED
62a8c7a2ead50bf8e428a1b0,612d890c774262d7afe06380,AWAITING REVIEW,2022-06-14 17:38:45.440000,2022-06-14 18:03:26.750000,1481.31,27,1079,2,100,,NOCODE,United States,United States,Full-Time,English,English,United States,Yes,Female,No
62a8c7b848fb1372b0deae6f,5b2bfb37163ead00013fb8b4,AWAITING REVIEW,2022-06-14 17:39:08.331000,2022-06-14 17:57:28.148000,1099.817,57,1926,1,100,,NOCODE,United States,United States,Full-Time,English,English,United States,Yes,Female,No
62a8c7c35422b18b8c51fc65,616ed044985dca605e572d22,RETURNED,2022-06-14 17:39:26.589000,,7125.825848,56,922,3,100,,,CONSENT REVOKED,CONSENT REVOKED,CONSENT REVOKED,CONSENT REVOKED,CONSENT REVOKED,CONSENT REVOKED,CONSENT REVOKED,CONSENT REVOKED,CONSENT REVOKED
62a8c7df0f210ce0f855a978,5f4af662edeb8515330d6405,RETURNED,2022-06-14 17:40:15.929000,,7076.50106,53,2248,2,100,,,CONSENT REVOKED,CONSENT REVOKED,CONSENT REVOKED,CONSENT REVOKED,CONSENT REVOKED,CONSENT REVOKED,CONSENT REVOKED,CONSENT REVOKED,CONSENT REVOKED
62a8c83ce2a9c9fac7d8c63a,60e37439f7c69f9e2d4466eb,RETURNED,2022-06-14 17:41:48.478000,,6983.96971,58,398,2,99,,,CONSENT REVOKED,CONSENT REVOKED,CONSENT REVOKED,CONSENT REVOKED,CONSENT REVOKED,CONSENT REVOKED,CONSENT REVOKED,CONSENT REVOKED,CONSENT REVOKED
62a8c84273977c55867bc391,55e59b81c70c7a000b2a5ad9,AWAITING REVIEW,2022-06-14 17:41:26.392000,2022-06-14 18:20:14.307000,2327.915,43,396,0,100,,NOCODE,United States,United States,Other,English,English,United States,Yes,Female,No
62a8c857fed5d7b108e7b164,615b187c0dc61ab7e9eeb6a3,RETURNED,2022-06-14 17:41:47.844000,,6984.636414,33,195,4,96,,,CONSENT REVOKED,CONSENT REVOKED,CONSENT REVOKED,CONSENT REVOKED,CONSENT REVOKED,CONSENT REVOKED,CONSENT REVOKED,CONSENT REVOKED,CONSENT REVOKED
62a8c878c20c521075703521,6111234ac8cfa49e38acbfb4,RETURNED,2022-06-14 17:42:58.841000,,6913.653189,23,1172,0,100,,,CONSENT REVOKED,CONSENT REVOKED,CONSENT REVOKED,CONSENT REVOKED,CONSENT REVOKED,CONSENT REVOKED,CONSENT REVOKED,CONSENT REVOKED,CONSENT REVOKED
62a8c87903628bc9fff4a030,610860255929b4914b27719d,AWAITING REVIEW,2022-06-14 17:42:21.891000,2022-06-14 17:57:06.239000,884.348,23,114,0,100,,NOCODE,United States,United States,Due to start a new job within the next month,English,English,United States,Yes,Female,Yes
62a8c8b3e5a10df48ae01fd0,5d843991d4cdb20019d01484,AWAITING REVIEW,2022-06-14 17:43:21.174000,2022-06-14 18:02:42.931000,1161.757,32,849,3,100,,NOCODE,United States,United States,Part-Time,English,English,United States,Yes,Female,No
62a8c8c00d1fe0104e64bb2e,62855120e12d686417201294,RETURNED,2022-06-14 17:43:32.165000,,6880.380405,27,149,0,100,,,CONSENT REVOKED,CONSENT REVOKED,CONSENT REVOKED,CONSENT REVOKED,CONSENT REVOKED,CONSENT REVOKED,CONSENT REVOKED,CONSENT REVOKED,CONSENT REVOKED
62a8c8d94a599143426e78f0,5df197316552ef0ba4b25627,RETURNED,2022-06-14 17:43:55.840000,,6856.721113,37,2576,1,100,,,CONSENT REVOKED,CONSENT REVOKED,CONSENT REVOKED,CONSENT REVOKED,CONSENT REVOKED,CONSENT REVOKED,CONSENT REVOKED,CONSENT REVOKED,CONSENT REVOKED
62a8c8e365f72f074d6d76eb,628b9a0c406bd1573eb608f2,AWAITING REVIEW,2022-06-14 17:44:07.319000,2022-06-14 18:30:51.042000,2803.723,29,16,0,100,,NOCODE,United States,United States,Unemployed (and job seeking),English,English,United States,Yes,Male,No
62a8c8f56a44de0282461a13,5e869a2ada38292db0605de5,AWAITING REVIEW,2022-06-14 17:45:16.427000,2022-06-14 18:11:46.722000,1590.295,37,1739,1,100,,NOCODE,United States,United States,Unemployed (and job seeking),English,English,United States,Yes,Female,No
62a8c90e040492120ae8b437,5b9f09697b196f000195e1ed,AWAITING REVIEW,2022-06-14 17:44:50.670000,2022-06-14 18:29:05.906000,2655.236,54,1218,1,100,,NOCODE,United States,United States,Full-Time,English,English,United States,Yes,Female,No
62a8c91c51cdac13f76517b0,6162fa4fec3fe9d88d067ada,RETURNED,2022-06-14 17:45:06.942000,,6785.680384,40,1573,0,100,,,CONSENT REVOKED,CONSENT REVOKED,CONSENT REVOKED,CONSENT REVOKED,CONSENT REVOKED,CONSENT REVOKED,CONSENT REVOKED,CONSENT REVOKED,CONSENT REVOKED
62a8c92b51cdac13f76517b1,5e0e1b8800a6bf000a694f79,RETURNED,2022-06-14 17:45:47.946000,,6744.69212,29,1237,2,100,,,CONSENT REVOKED,CONSENT REVOKED,CONSENT REVOKED,CONSENT REVOKED,CONSENT REVOKED,CONSENT REVOKED,CONSENT REVOKED,CONSENT REVOKED,CONSENT REVOKED
62a8c93f6d165d1cbc7cc649,6111a8e5c22c39a1c92edb70,AWAITING REVIEW,2022-06-14 17:45:39.907000,2022-06-14 18:14:46.401000,1746.494,40,772,8,98,,NOCODE,United States,United States,Full-Time,English,English,United States,Yes,Male,No
62a8c95ab8faa31411ac52b2,6019f3085362081f007bc83f,RETURNED,2022-06-14 17:51:14.092000,,6418.573038,37,2171,4,100,,,CONSENT REVOKED,CONSENT REVOKED,CONSENT REVOKED,CONSENT REVOKED,CONSENT REVOKED,CONSENT REVOKED,CONSENT REVOKED,CONSENT REVOKED,CONSENT REVOKED
62a8c96d6ffe2552547968f6,5fb3d71c3144730009fe4a7b,RETURNED,2022-06-14 17:46:25.742000,,6706.937926,52,1650,3,100,,,CONSENT REVOKED,CONSENT REVOKED,CONSENT REVOKED,CONSENT REVOKED,CONSENT REVOKED,CONSENT REVOKED,CONSENT REVOKED,CONSENT REVOKED,CONSENT REVOKED
62a8c96df9f7149f099685c9,5da8b26395be5f0017360ad5,RETURNED,2022-06-14 17:46:25.040000,,6707.654818,42,2147,15,99,,,CONSENT REVOKED,CONSENT REVOKED,CONSENT REVOKED,CONSENT REVOKED,CONSENT REVOKED,CONSENT REVOKED,CONSENT REVOKED,CONSENT REVOKED,CONSENT REVOKED
62a8c97732f339a281d8b771,55a7f195fdf99b7508d7d886,RETURNED,2022-06-14 17:46:40.659000,,6692.054582,33,175,0,100,,,CONSENT REVOKED,CONSENT REVOKED,CONSENT REVOKED,CONSENT REVOKED,CONSENT REVOKED,CONSENT REVOKED,CONSENT REVOKED,CONSENT REVOKED,CONSENT REVOKED
62a8c97769064f57cc65a38d,5a454e442f91ec0001dcb66c,RETURNED,2022-06-14 17:46:37.020000,,6695.708122,49,3234,1,100,,,CONSENT REVOKED,CONSENT REVOKED,CONSENT REVOKED,CONSENT REVOKED,CONSENT REVOKED,CONSENT REVOKED,CONSENT REVOKED,CONSENT REVOKED,CONSENT REVOKED
62a8c989f61ddfdf8839b7ba,5fc5c6e3dfa8ca1557012d44,AWAITING REVIEW,2022-06-14 17:48:41.144000,2022-06-14 18:12:54.037000,1452.893,33,1956,4,100,,NOCODE,United States,United States,DATA EXPIRED,English,English,United States,Yes,Male,DATA EXPIRED
62a8c9956df48de5956cd297,627e7b6d33e1df14160c05ba,TIMED-OUT,2022-06-14 17:47:33.690000,,6639.069921,24,95,0,100,,,United States,United States,Other,English,English,United States,Yes,Female,No
62a8c99579c66a1d37fac458,603bef3bffe72f8b0a6b55c4,RETURNED,2022-06-14 17:47:01.038000,,6671.7378,27,561,1,100,,,CONSENT REVOKED,CONSENT REVOKED,CONSENT REVOKED,CONSENT REVOKED,CONSENT REVOKED,CONSENT REVOKED,CONSENT REVOKED,CONSENT REVOKED,CONSENT REVOKED
62a8c99e76a3d920936adcaf,5765c0fcf2e23200017ded5e,RETURNED,2022-06-14 17:47:18.751000,,6654.041285,30,2308,5,100,,,CONSENT REVOKED,CONSENT REVOKED,CONSENT REVOKED,CONSENT REVOKED,CONSENT REVOKED,CONSENT REVOKED,CONSENT REVOKED,CONSENT REVOKED,CONSENT REVOKED
62a8c9b9ee856a6238a42936,62878399ea123a864f4e895d,RETURNED,2022-06-14 17:47:56.047000,,6616.765366,34,209,0,100,,,CONSENT REVOKED,CONSENT REVOKED,CONSENT REVOKED,CONSENT REVOKED,CONSENT REVOKED,CONSENT REVOKED,CONSENT REVOKED,CONSENT REVOKED,CONSENT REVOKED
62a8c9f72988d17e712909c1,5febd397ad8fbad21bcd6182,AWAITING REVIEW,2022-06-14 17:48:42.747000,2022-06-14 17:51:14.132000,151.385,31,2017,9,99,,NOCODE,United States,United States,Full-Time,English,English,United States,Yes,Male,Yes
62a8c9f9c20c52107570352e,58d876b14240e50001190090,RETURNED,2022-06-14 17:48:45.875000,,6566.970487,50,2931,3,100,,,CONSENT REVOKED,CONSENT REVOKED,CONSENT REVOKED,CONSENT REVOKED,CONSENT REVOKED,CONSENT REVOKED,CONSENT REVOKED,CONSENT REVOKED,CONSENT REVOKED
62a8c9fa40b4dae1b94ea611,5c376ea0eecc440001c58889,RETURNED,2022-06-14 17:48:46.487000,,6566.375319,43,1715,2,100,,,CONSENT REVOKED,CONSENT REVOKED,CONSENT REVOKED,CONSENT REVOKED,CONSENT REVOKED,CONSENT REVOKED,CONSENT REVOKED,CONSENT REVOKED,CONSENT REVOKED
62a8ca028e6fa75023a28604,6108c2ac0c4da97b67463cfe,AWAITING REVIEW,2022-06-14 17:48:55.121000,2022-06-14 18:02:43.084000,827.963,23,107,2,98,,NOCODE,United States,United States,Part-Time,English,English,United States,Yes,Female,Yes
62a8ca10016a1fe9bcbd43cd,5669ac845bd4ff0011159b4a,RETURNED,2022-06-14 17:49:06.846000,,6546.050247,42,3511,9,100,,,CONSENT REVOKED,CONSENT REVOKED,CONSENT REVOKED,CONSENT REVOKED,CONSENT REVOKED,CONSENT REVOKED,CONSENT REVOKED,CONSENT REVOKED,CONSENT REVOKED
62a8ca1d8af316810adff1c9,6110d59cbf733422cb867da5,RETURNED,2022-06-14 17:49:20.384000,,6532.530167,25,236,0,100,,,CONSENT REVOKED,CONSENT REVOKED,CONSENT REVOKED,CONSENT REVOKED,CONSENT REVOKED,CONSENT REVOKED,CONSENT REVOKED,CONSENT REVOKED,CONSENT REVOKED
62a8ca226c5c1b81b7a132ac,5a348ea750833c0001ee9550,AWAITING REVIEW,2022-06-14 17:49:43.728000,2022-06-14 18:22:05.617000,1941.889,34,1193,3,100,,NOCODE,United States,United States,DATA EXPIRED,English,English,United States,Yes,Female,No
62a8ca506f6be3280efcfcce,611157804ca2528c46dc0f13,TIMED-OUT,2022-06-14 17:50:11.664000,,6481.284742,23,637,4,99,,,United States,United States,Part-Time,English,English,United States,Yes,Female,No
62a8ca54c849b23b6e2eed0c,5aec7e89ae13140001fc0cdf,RETURNED,2022-06-14 17:50:16.738000,,6476.227352,30,1426,3,100,,,CONSENT REVOKED,CONSENT REVOKED,CONSENT REVOKED,CONSENT REVOKED,CONSENT REVOKED,CONSENT REVOKED,CONSENT REVOKED,CONSENT REVOKED,CONSENT REVOKED
62a8ca57f85e7a883028f5ff,57dd1a741334540001170404,RETURNED,2022-06-14 17:50:18.165000,,6474.817283,45,2237,9,99,,,CONSENT REVOKED,CONSENT REVOKED,CONSENT REVOKED,CONSENT REVOKED,CONSENT REVOKED,CONSENT REVOKED,CONSENT REVOKED,CONSENT REVOKED,CONSENT REVOKED
62a8ca69ee856a6238a4293c,607454aad6e49e25a74d3524,RETURNED,2022-06-14 17:50:37.129000,,6455.868106,19,343,0,100,,,CONSENT REVOKED,CONSENT REVOKED,CONSENT REVOKED,CONSENT REVOKED,CONSENT REVOKED,CONSENT REVOKED,CONSENT REVOKED,CONSENT REVOKED,CONSENT REVOKED
62a8ca6ff84b09175303ebd7,5ca6046dbbb3040012c2ba7d,RETURNED,2022-06-14 18:00:39.892000,,5853.121149,28,272,2,99,,,CONSENT REVOKED,CONSENT REVOKED,CONSENT REVOKED,CONSENT REVOKED,CONSENT REVOKED,CONSENT REVOKED,CONSENT REVOKED,CONSENT REVOKED,CONSENT REVOKED
62a8ca78c4e6a7f4fbe2d2e5,5fd67cce91f9895969c0edee,RETURNED,2022-06-14 17:50:51.547000,,6441.482482,31,2359,7,100,,,CONSENT REVOKED,CONSENT REVOKED,CONSENT REVOKED,CONSENT REVOKED,CONSENT REVOKED,CONSENT REVOKED,CONSENT REVOKED,CONSENT REVOKED,CONSENT REVOKED
62a8ca7c27c24363f9d8c784,628e3768a418a3b5d079e097,AWAITING REVIEW,2022-06-14 17:50:56.128000,2022-06-14 18:11:14.834000,1218.706,26,168,2,99,,NOCODE,United States,United States,Other,English,"Arabic, English",United States,Yes,Male,Yes
62a8ca7e3030250810094e8b,5d391bc980ccd20018ac4006,RETURNED,2022-06-14 17:50:56.676000,,6436.389542,37,698,0,100,,,CONSENT REVOKED,CONSENT REVOKED,CONSENT REVOKED,CONSENT REVOKED,CONSENT REVOKED,CONSENT REVOKED,CONSENT REVOKED,CONSENT REVOKED,CONSENT REVOKED
62a8ca8291ae8f008a02c88f,616b8139551b94321313af3e,RETURNED,2022-06-14 17:51:10.088000,,6422.99552,47,846,4,99,,,CONSENT REVOKED,CONSENT REVOKED,CONSENT REVOKED,CONSENT REVOKED,CONSENT REVOKED,CONSENT REVOKED,CONSENT REVOKED,CONSENT REVOKED,CONSENT REVOKED
62a8ca831fa51f4d6a0103b6,5e68083669f4cf0c05439f94,RETURNED,2022-06-14 17:51:03.506000,,6429.592451,25,868,4,100,,,CONSENT REVOKED,CONSENT REVOKED,CONSENT REVOKED,CONSENT REVOKED,CONSENT REVOKED,CONSENT REVOKED,CONSENT REVOKED,CONSENT REVOKED,CONSENT REVOKED
62a8ca8aacabb91fcc2f657e,5d226b35d75330001c7a3d95,RETURNED,2022-06-14 17:51:30.403000,,6402.71246,38,1766,3,100,,,CONSENT REVOKED,CONSENT REVOKED,CONSENT REVOKED,CONSENT REVOKED,CONSENT REVOKED,CONSENT REVOKED,CONSENT REVOKED,CONSENT REVOKED,CONSENT REVOKED
62a8ca90976a8d81733841b2,611e9927369094f6ffdafd55,AWAITING REVIEW,2022-06-14 17:51:15.564000,2022-06-14 18:19:12.680000,1677.116,44,1331,0,100,,NOCODE,United States,United States,Part-Time,English,English,United States,Yes,Female,No
62a8ca98312c055f5c5f58b7,5bf6fc936c445d0001aeba98,RETURNED,2022-06-14 18:01:20.049000,,5813.117487,41,2178,3,100,,,CONSENT REVOKED,CONSENT REVOKED,CONSENT REVOKED,CONSENT REVOKED,CONSENT REVOKED,CONSENT REVOKED,CONSENT REVOKED,CONSENT REVOKED,CONSENT REVOKED
62a8caafab323a54e2e31109,60528f0a86ecd7828ccd7492,AWAITING REVIEW,2022-06-14 17:51:47.514000,2022-06-14 18:23:37.714000,1910.2,26,180,0,100,,NOCODE,United States,United States,Full-Time,English,English,United States,Yes,Male,Yes
62a8cac0aafe8de7796c090c,6101930ddd5330f83b898c61,RETURNED,2022-06-14 17:52:06.318000,,6366.930081,20,1006,2,100,,,CONSENT REVOKED,CONSENT REVOKED,CONSENT REVOKED,CONSENT REVOKED,CONSENT REVOKED,CONSENT REVOKED,CONSENT REVOKED,CONSENT REVOKED,CONSENT REVOKED
62a8cac55e4fb51cf1d6c381,5fb327660f80c1a4d39fada2,RETURNED,2022-06-14 17:52:08.339000,,6364.949153,24,1475,1,100,,,CONSENT REVOKED,CONSENT REVOKED,CONSENT REVOKED,CONSENT REVOKED,CONSENT REVOKED,CONSENT REVOKED,CONSENT REVOKED,CONSENT REVOKED,CONSENT REVOKED
62a8cac8de98cf59cb72abf7,6277cd4fea5f69868617658b,AWAITING REVIEW,2022-06-14 17:52:11.126000,2022-06-14 18:21:44.794000,1773.668,28,315,4,98,,NOCODE,United States,United States,Full-Time,English,English,United States,Yes,Female,No
62a8cadab1238d2652eb35dd,605e3361872cb8fbc1c3ffd9,RETURNED,2022-06-14 17:52:32.342000,,6341.033825,38,674,0,100,,,CONSENT REVOKED,CONSENT REVOKED,CONSENT REVOKED,CONSENT REVOKED,CONSENT REVOKED,CONSENT REVOKED,CONSENT REVOKED,CONSENT REVOKED,CONSENT REVOKED
62a8caec8804c524b3c0cd8e,5e646461698a071f2f15423e,RETURNED,2022-06-14 17:52:44.936000,,6328.479176,55,1594,5,100,,,CONSENT REVOKED,CONSENT REVOKED,CONSENT REVOKED,CONSENT REVOKED,CONSENT REVOKED,CONSENT REVOKED,CONSENT REVOKED,CONSENT REVOKED,CONSENT REVOKED
62a8caee3455cc84cb2c8f0d,598fba148380cc00012a3ce7,AWAITING REVIEW,2022-06-14 17:52:50.587000,2022-06-14 18:17:33.228000,1482.641,36,1333,0,100,,NOCODE,United States,United States,Full-Time,English,English,United States,Yes,Female,No
62a8cafa9f5b441c44b7457f,5dde8fba82f458000c8c7c75,AWAITING REVIEW,2022-06-14 17:52:58.964000,2022-06-14 18:19:33.497000,1594.533,40,2498,9,100,,NOCODE,United States,United States,Full-Time,English,English,United States,Yes,Male,No
62a8cb09e718098946a898a6,627121bbdd4e39bcc0a0079f,RETURNED,2022-06-14 17:53:17.220000,,6296.352724,42,285,1,100,,,CONSENT REVOKED,CONSENT REVOKED,CONSENT REVOKED,CONSENT REVOKED,CONSENT REVOKED,CONSENT REVOKED,CONSENT REVOKED,CONSENT REVOKED,CONSENT REVOKED
62a8cb1388e3d08252b85db1,629552d66a0ad893867fa675,AWAITING REVIEW,2022-06-14 17:55:29.203000,2022-06-14 18:24:18.968000,1729.765,28,100,1,100,,NOCODE,United States,United States,"Not in paid work (e.g. homemaker', 'retired or disabled)",English,English,United States,Yes,Female,Yes
62a8cb24a25a0d9eb89b9816,6272b681a45d18b22b097f1a,RETURNED,2022-06-14 17:53:54.657000,,6259.033157,43,181,4,97,,,CONSENT REVOKED,CONSENT REVOKED,CONSENT REVOKED,CONSENT REVOKED,CONSENT REVOKED,CONSENT REVOKED,CONSENT REVOKED,CONSENT REVOKED,CONSENT REVOKED
62a8cb2e467d6fefe0bfb802,58d4c4c287b2420001263b6a,RETURNED,2022-06-14 18:03:50.537000,,5663.211958,55,2601,0,100,,,CONSENT REVOKED,CONSENT REVOKED,CONSENT REVOKED,CONSENT REVOKED,CONSENT REVOKED,CONSENT REVOKED,CONSENT REVOKED,CONSENT REVOKED,CONSENT REVOKED
62a8cb3eb40e876b0f0cd0c5,5b7aefd06c1ccb000178b710,AWAITING REVIEW,2022-06-14 17:59:12.437000,2022-06-14 18:41:51.604000,2559.167,60,1255,4,100,,NOCODE,United States,United States,Part-Time,English,English,United States,Yes,Female,No
62a8cb3f9b79a83aac2c69b4,5f402eb4fbd8df145068b805,RETURNED,2022-06-14 17:54:25.597000,,6228.248479,61,2246,10,99,,,CONSENT REVOKED,CONSENT REVOKED,CONSENT REVOKED,CONSENT REVOKED,CONSENT REVOKED,CONSENT REVOKED,CONSENT REVOKED,CONSENT REVOKED,CONSENT REVOKED
62a8cb515ce8d24903da3356,611b1d3794ac948af7e57e7a,AWAITING REVIEW,2022-06-14 17:54:28.838000,2022-06-14 18:26:56.472000,1947.634,20,1124,5,99,,NOCODE,United States,United States,Unemployed (and job seeking),English,English,United States,Yes,Male,Yes
62a8cb591d0337df3bac5a60,5915cec595ded300017c8261,RETURNED,2022-06-14 17:55:12.479000,,6181.418419,25,707,1,100,,,CONSENT REVOKED,CONSENT REVOKED,CONSENT REVOKED,CONSENT REVOKED,CONSENT REVOKED,CONSENT REVOKED,CONSENT REVOKED,CONSENT REVOKED,CONSENT REVOKED
62a8cb6d26fc0d1ef08ff756,62695cc87ae7102ea7863e8d,AWAITING REVIEW,2022-06-14 17:54:56.935000,2022-06-14 18:20:07.355000,1510.42,29,200,1,100,,NOCODE,United States,United States,Full-Time,English,English,United States,Yes,Male,Yes
62a8cb6ea4ae8a55dfc79740,5e64a02eb7d70b20f250b129,RETURNED,2022-06-14 17:54:59.391000,,6194.547333,64,1163,1,100,,,CONSENT REVOKED,CONSENT REVOKED,CONSENT REVOKED,CONSENT REVOKED,CONSENT REVOKED,CONSENT REVOKED,CONSENT REVOKED,CONSENT REVOKED,CONSENT REVOKED
62a8cbbf7ed2401fd38e3034,61108719ddb956bd0e94733d,RETURNED,2022-06-14 17:56:39.841000,,6094.124547,30,839,1,100,,,CONSENT REVOKED,CONSENT REVOKED,CONSENT REVOKED,CONSENT REVOKED,CONSENT REVOKED,CONSENT REVOKED,CONSENT REVOKED,CONSENT REVOKED,CONSENT REVOKED
62a8cbf89de65e50200c3779,60d7558fd3a01169626ae963,RETURNED,2022-06-14 17:57:44.572000,,6029.40912,57,992,0,100,,,CONSENT REVOKED,CONSENT REVOKED,CONSENT REVOKED,CONSENT REVOKED,CONSENT REVOKED,CONSENT REVOKED,CONSENT REVOKED,CONSENT REVOKED,CONSENT REVOKED
62a8cc52dad165742ce03b8c,5993020a5f49420001caf86b,RETURNED,2022-06-14 18:08:42.845000,,5371.152599,52,3653,4,100,,,CONSENT REVOKED,CONSENT REVOKED,CONSENT REVOKED,CONSENT REVOKED,CONSENT REVOKED,CONSENT REVOKED,CONSENT REVOKED,CONSENT REVOKED,CONSENT REVOKED
62a8cc548eef49b421d93de1,60567e3eb404422ed904e058,RETURNED,2022-06-14 18:00:18.862000,,5875.161093,42,649,5,99,,,CONSENT REVOKED,CONSENT REVOKED,CONSENT REVOKED,CONSENT REVOKED,CONSENT REVOKED,CONSENT REVOKED,CONSENT REVOKED,CONSENT REVOKED,CONSENT REVOKED
62a8cc760bc69b3ecc277f12,6108295fdd0270d7544b5a8a,AWAITING REVIEW,2022-06-14 18:00:10.578000,2022-06-14 18:21:04.867000,1254.289,32,1236,2,100,,NOCODE,United States,United States,Unemployed (and job seeking),English,English,United States,Yes,Female,No
62a8cc7f8a200bdd46f55b57,6237ca974050879378c8fea8,AWAITING REVIEW,2022-06-14 17:59:31.054000,2022-06-14 18:29:46.690000,1815.636,24,369,3,99,,NOCODE,United States,United States,Full-Time,English,English,United States,Yes,Male,No
62a8ccd9c6f067609d546786,5f2a5f187bf471245f7dc096,RETURNED,2022-06-14 18:01:12.725000,,5821.353789,21,1088,1,100,,,CONSENT REVOKED,CONSENT REVOKED,CONSENT REVOKED,CONSENT REVOKED,CONSENT REVOKED,CONSENT REVOKED,CONSENT REVOKED,CONSENT REVOKED,CONSENT REVOKED
62a8cde1a9bc94853ce1989c,6282ba94e9695c9209596a49,AWAITING REVIEW,2022-06-14 18:05:27.249000,2022-06-14 18:28:22.550000,1375.301,37,70,0,100,,NOCODE,United States,United States,Full-Time,English,English,United States,Yes,Female,No
62a8cde2110c066588524a25,5f59ce6bf4d188227440a9d2,AWAITING REVIEW,2022-06-14 18:13:27.944000,2022-06-14 18:39:49.192000,1581.248,47,687,3,100,,NOCODE,United States,United States,Other,English,English,United States,Yes,Female,No
62a8cecd0fd2aa6d3ef2c31f,57d0a0bee3221e00015fe385,RETURNED,2022-06-14 18:11:00.749000,,5233.412371,38,3271,3,100,,,CONSENT REVOKED,CONSENT REVOKED,CONSENT REVOKED,CONSENT REVOKED,CONSENT REVOKED,CONSENT REVOKED,CONSENT REVOKED,CONSENT REVOKED,CONSENT REVOKED
62a8cee52b1d451775b9ede4,60ccbffae161aadb1880ad6c,RETURNED,2022-06-14 18:09:45.704000,,5308.481222,33,1841,5,100,,,CONSENT REVOKED,CONSENT REVOKED,CONSENT REVOKED,CONSENT REVOKED,CONSENT REVOKED,CONSENT REVOKED,CONSENT REVOKED,CONSENT REVOKED,CONSENT REVOKED
62a8cefe32b7cd1149b870ae,5a9262251eda410001360b2c,TIMED-OUT,2022-06-14 18:10:06.822000,,5287.387635,39,2608,1,100,,,United States,United States,Part-Time,English,English,United States,Yes,Female,No
62a8cf1f2750e8ef9d844fc8,601373dbd735b324b32818bd,AWAITING REVIEW,2022-06-14 18:11:25.791000,2022-06-14 18:32:53.338000,1287.547,32,429,4,98,,NOCODE,United States,United States,"Not in paid work (e.g. homemaker', 'retired or disabled)",English,English,United States,Yes,Female,No
62a8cf24bbe60bd1a220dd4c,605cd1b167207b8209b39fee,AWAITING REVIEW,2022-06-14 18:10:46.869000,2022-06-14 18:30:39.620000,1192.751,41,875,4,100,,nocode,United States,United States,Part-Time,English,English,United States,Yes,Female,Yes
62a8cf25ab892a3ffa3385d3,580cab86b869700001d71628,RETURNED,2022-06-14 18:10:45.569000,,5248.70696,59,2293,6,100,,,CONSENT REVOKED,CONSENT REVOKED,CONSENT REVOKED,CONSENT REVOKED,CONSENT REVOKED,CONSENT REVOKED,CONSENT REVOKED,CONSENT REVOKED,CONSENT REVOKED
62a8cf4947cb22ffe516f548,5e52d0122f5f952f2a7b6b28,RETURNED,2022-06-14 18:11:21.576000,,5212.725371,37,1679,1,100,,,CONSENT REVOKED,CONSENT REVOKED,CONSENT REVOKED,CONSENT REVOKED,CONSENT REVOKED,CONSENT REVOKED,CONSENT REVOKED,CONSENT REVOKED,CONSENT REVOKED
62a8cf522942f6d444d45815,5e83bb0601aa8c11929fa6d4,RETURNED,2022-06-14 18:21:30.692000,,4603.637223,49,1643,5,100,,,CONSENT REVOKED,CONSENT REVOKED,CONSENT REVOKED,CONSENT REVOKED,CONSENT REVOKED,CONSENT REVOKED,CONSENT REVOKED,CONSENT REVOKED,CONSENT REVOKED
62a8cf5d253065273852b08d,5685850c333cbd000d4e042f,RETURNED,2022-06-14 18:11:43.343000,,5191.006838,28,2600,1,100,,,CONSENT REVOKED,CONSENT REVOKED,CONSENT REVOKED,CONSENT REVOKED,CONSENT REVOKED,CONSENT REVOKED,CONSENT REVOKED,CONSENT REVOKED,CONSENT REVOKED
62a8cf79369547e27b83c832,60a7d7b70d3cf8f48a8a490d,RETURNED,2022-06-14 18:22:09.287000,,4565.082608,32,1268,5,99,,,CONSENT REVOKED,CONSENT REVOKED,CONSENT REVOKED,CONSENT REVOKED,CONSENT REVOKED,CONSENT REVOKED,CONSENT REVOKED,CONSENT REVOKED,CONSENT REVOKED
62a8cf87530087f7e68fe101,596bac33670f410001fe9c07,RETURNED,2022-06-14 18:12:23.880000,,5150.514234,29,1368,0,100,,,CONSENT REVOKED,CONSENT REVOKED,CONSENT REVOKED,CONSENT REVOKED,CONSENT REVOKED,CONSENT REVOKED,CONSENT REVOKED,CONSENT REVOKED,CONSENT REVOKED
62a8cfa89747e813fe9378b8,5e24fbd4e1f467771c234e5f,RETURNED,2022-06-14 18:12:59.021000,,5115.403515,36,2486,37,96,,,CONSENT REVOKED,CONSENT REVOKED,CONSENT REVOKED,CONSENT REVOKED,CONSENT REVOKED,CONSENT REVOKED,CONSENT REVOKED,CONSENT REVOKED,CONSENT REVOKED
62a8cfb1bb00fa67fa37f88d,6272a38c2210e15b526bf5de,RETURNED,2022-06-14 18:23:05.080000,,4509.363853,38,223,0,100,,,CONSENT REVOKED,CONSENT REVOKED,CONSENT REVOKED,CONSENT REVOKED,CONSENT REVOKED,CONSENT REVOKED,CONSENT REVOKED,CONSENT REVOKED,CONSENT REVOKED
62a8cfb86cb0d129af65bf05,5b9efb73d1ff7a00013bfe84,RETURNED,2022-06-14 18:13:50.085000,,5064.374668,54,3185,2,100,,,CONSENT REVOKED,CONSENT REVOKED,CONSENT REVOKED,CONSENT REVOKED,CONSENT REVOKED,CONSENT REVOKED,CONSENT REVOKED,CONSENT REVOKED,CONSENT REVOKED
62a8d00a83497864fe4ff576,614e17b2c995f89d1271ac13,RETURNED,2022-06-14 18:14:58.221000,,4996.254158,57,826,2,100,,,CONSENT REVOKED,CONSENT REVOKED,CONSENT REVOKED,CONSENT REVOKED,CONSENT REVOKED,CONSENT REVOKED,CONSENT REVOKED,CONSENT REVOKED,CONSENT REVOKED
62a8d00b55ab8ed2b7306868,5d56b0d17ca41f0018e96e71,AWAITING REVIEW,2022-06-14 18:14:39.006000,2022-06-14 18:45:50.712000,1871.706,38,573,1,100,,NOCODE,United States,United States,Full-Time,English,English,United States,Yes,Male,No
62a8d00bb991555ec1ccadac,5dd352c51c219b35931aefd1,RETURNED,2022-06-14 18:14:52.375000,,5002.133807,58,2596,6,100,,,CONSENT REVOKED,CONSENT REVOKED,CONSENT REVOKED,CONSENT REVOKED,CONSENT REVOKED,CONSENT REVOKED,CONSENT REVOKED,CONSENT REVOKED,CONSENT REVOKED
62a8d00c0e139a7eb2d75f32,61524786648792b8da40fcb2,RETURNED,2022-06-14 18:15:23.334000,,4971.193725,40,332,1,100,,,CONSENT REVOKED,CONSENT REVOKED,CONSENT REVOKED,CONSENT REVOKED,CONSENT REVOKED,CONSENT REVOKED,CONSENT REVOKED,CONSENT REVOKED,CONSENT REVOKED
62a8d02fe22419824e85decf,6266add746005ee1ac2e801b,AWAITING REVIEW,2022-06-14 18:15:14.821000,2022-06-14 18:42:37.027000,1642.206,48,262,0,100,,NOCODE,United States,United States,Unemployed (and job seeking),English,English,United States,Yes,Female,No
62a8d071c2c41d8a3be89f67,5e9f3f09ccc75a0c345e4845,RETURNED,2022-06-14 18:16:48.969000,,4885.589294,63,2710,3,100,,,CONSENT REVOKED,CONSENT REVOKED,CONSENT REVOKED,CONSENT REVOKED,CONSENT REVOKED,CONSENT REVOKED,CONSENT REVOKED,CONSENT REVOKED,CONSENT REVOKED
62a8d0cbd9394b347c6d5dec,56e130548b1c33000a388671,RETURNED,2022-06-14 18:24:35.775000,,4418.799306,28,2825,5,100,,,CONSENT REVOKED,CONSENT REVOKED,CONSENT REVOKED,CONSENT REVOKED,CONSENT REVOKED,CONSENT REVOKED,CONSENT REVOKED,CONSENT REVOKED,CONSENT REVOKED
62a8d0cca636a2cc79c302c8,610a40ffbf11d261514a7c0a,RETURNED,2022-06-14 18:17:56.189000,,4818.399162,36,1498,17,97,,,CONSENT REVOKED,CONSENT REVOKED,CONSENT REVOKED,CONSENT REVOKED,CONSENT REVOKED,CONSENT REVOKED,CONSENT REVOKED,CONSENT REVOKED,CONSENT REVOKED
62a8d0f477483b103790023d,5d79375d794d900017671c07,AWAITING REVIEW,2022-06-14 18:18:33.625000,2022-06-14 18:40:04.894000,1291.269,48,2267,3,100,,NOCODE,United States,United States,"Not in paid work (e.g. homemaker', 'retired or disabled)",English,English,United States,Yes,Female,No
62a8d1275dd6088100440fb2,5a9998a14eecca0001dd791e,RETURNED,2022-06-14 18:29:19.959000,,4134.658806,31,1628,3,100,,,CONSENT REVOKED,CONSENT REVOKED,CONSENT REVOKED,CONSENT REVOKED,CONSENT REVOKED,CONSENT REVOKED,CONSENT REVOKED,CONSENT REVOKED,CONSENT REVOKED
62a8d1522b9f76f6516fb694,607f5b3ca3dd160c6db0fdfb,RETURNED,2022-06-14 18:30:02.956000,,4091.67775,33,551,4,99,,,CONSENT REVOKED,CONSENT REVOKED,CONSENT REVOKED,CONSENT REVOKED,CONSENT REVOKED,CONSENT REVOKED,CONSENT REVOKED,CONSENT REVOKED,CONSENT REVOKED
62a8d15f547ccbe4a1eb299e,5df4565dfeea89323021ef27,RETURNED,2022-06-14 18:20:32.978000,,4661.67399,65,2177,5,100,,,CONSENT REVOKED,CONSENT REVOKED,CONSENT REVOKED,CONSENT REVOKED,CONSENT REVOKED,CONSENT REVOKED,CONSENT REVOKED,CONSENT REVOKED,CONSENT REVOKED
62a8d1a0579e78284d56ee9b,59c6305e6a287600011c388d,RETURNED,2022-06-14 18:21:40.355000,,4594.313735,29,2885,25,98,,,CONSENT REVOKED,CONSENT REVOKED,CONSENT REVOKED,CONSENT REVOKED,CONSENT REVOKED,CONSENT REVOKED,CONSENT REVOKED,CONSENT REVOKED,CONSENT REVOKED
62a8d29e03c60f8c17060e90,606a3cf263a18869ac8ee0ed,AWAITING REVIEW,2022-06-14 18:25:39.301000,2022-06-14 19:36:11.039000,4231.738,56,1454,10,99,,NO CODE,United States,United States,Part-Time,English,English,United States,Yes,Female,No
62a8d3320435e7010ee6aebf,5f49f3262a3d07563d14a7f1,RETURNED,2022-06-14 18:38:02.587000,,3612.114354,28,1371,1,100,,,CONSENT REVOKED,CONSENT REVOKED,CONSENT REVOKED,CONSENT REVOKED,CONSENT REVOKED,CONSENT REVOKED,CONSENT REVOKED,CONSENT REVOKED,CONSENT REVOKED
62a8d340ad32c6a60be68b7a,61522d0491dd847aa72155ed,RETURNED,2022-06-14 18:28:43.525000,,4171.190803,31,863,5,99,,,CONSENT REVOKED,CONSENT REVOKED,CONSENT REVOKED,CONSENT REVOKED,CONSENT REVOKED,CONSENT REVOKED,CONSENT REVOKED,CONSENT REVOKED,CONSENT REVOKED
62a8d35000f254f7ad6e70f1,61084d4214248ad7ba69ae8e,AWAITING REVIEW,2022-06-14 18:29:24.046000,2022-06-14 19:11:57.765000,2553.719,27,149,0,100,,NOCODE,United States,United States,Other,English,English,United States,Yes,Female,Yes
62a8d41bc9d8ea3eff8c0cc6,602d74a9cfd5ef7c52c83805,AWAITING REVIEW,2022-06-14 18:31:57.521000,2022-06-14 18:51:09.868000,1152.347,35,754,6,99,,NOCODE it just said thank you the experiment is finished,United States,United States,Unemployed (and job seeking),English,English,United States,Yes,Male,No
62a8d5db12067bb0a3abb473,5d0b7d3a1c9a4e001a11dd19,RETURNED,2022-06-14 18:39:25.553000,,3529.212899,28,1056,11,97,,,CONSENT REVOKED,CONSENT REVOKED,CONSENT REVOKED,CONSENT REVOKED,CONSENT REVOKED,CONSENT REVOKED,CONSENT REVOKED,CONSENT REVOKED,CONSENT REVOKED
62a8d5e0e96a4ba29174917b,5977e3867412f8000194e1fe,AWAITING REVIEW,2022-06-14 18:39:36.501000,2022-06-14 19:05:04.762000,1528.261,42,3709,15,99,,NOCODE,United States,United States,Full-Time,English,English,United States,Yes,Male,No
62a8d6415d768b88c6832cb6,5b48f2d0ff7497000125165e,RETURNED,2022-06-14 18:41:10.959000,,3423.838577,31,1704,4,100,,,CONSENT REVOKED,CONSENT REVOKED,CONSENT REVOKED,CONSENT REVOKED,CONSENT REVOKED,CONSENT REVOKED,CONSENT REVOKED,CONSENT REVOKED,CONSENT REVOKED
62a8d66281a18bd36f9ee73e,5ca8f48c5689db001729e1f4,RETURNED,2022-06-14 18:41:38.506000,,3396.309205,42,2193,7,100,,,CONSENT REVOKED,CONSENT REVOKED,CONSENT REVOKED,CONSENT REVOKED,CONSENT REVOKED,CONSENT REVOKED,CONSENT REVOKED,CONSENT REVOKED,CONSENT REVOKED
62a8d6accba5b02f2a4a9034,60ca4cfb5c287146cad0695a,RETURNED,2022-06-14 18:42:52.032000,,3322.803393,38,1684,9,99,,,CONSENT REVOKED,CONSENT REVOKED,CONSENT REVOKED,CONSENT REVOKED,CONSENT REVOKED,CONSENT REVOKED,CONSENT REVOKED,CONSENT REVOKED,CONSENT REVOKED
62a8d6fc082463d9a690de77,57bf14513c449a000189c89a,AWAITING REVIEW,2022-06-14 18:46:59.338000,2022-06-14 19:20:55.875000,2036.537,68,2381,0,100,,NOCODE,United States,United States,"Not in paid work (e.g. homemaker', 'retired or disabled)",English,English,United States,Yes,Male,No
62a8dc1b5e08859e1440e9ec,62728e9f272ecd43323af13b,AWAITING REVIEW,2022-06-14 19:06:07.424000,2022-06-14 19:37:36.649000,1889.225,42,185,0,100,,NOCODE,United States,United States,Unemployed (and job seeking),English,English,United States,Yes,Male,No
62a8de4aee2b36452da02418,615fad239fd8b6f7c048057a,RETURNED,2022-06-14 19:15:26.175000,,1368.714607,35,1405,26,93,,,CONSENT REVOKED,CONSENT REVOKED,CONSENT REVOKED,CONSENT REVOKED,CONSENT REVOKED,CONSENT REVOKED,CONSENT REVOKED,CONSENT REVOKED,CONSENT REVOKED
62a8de565d5063bfe717d153,58f3760092ac81000154f8af,RETURNED,2022-06-14 19:25:34.016000,,760.890811,29,3684,11,100,,,CONSENT REVOKED,CONSENT REVOKED,CONSENT REVOKED,CONSENT REVOKED,CONSENT REVOKED,CONSENT REVOKED,CONSENT REVOKED,CONSENT REVOKED,CONSENT REVOKED
62a8de734bc5e27086f50c7d,6237e3dd84d00736f51ed0e4,ACTIVE,2022-06-14 19:16:03.834000,,1331.087265,50,605,2,100,,,United States,United States,Full-Time,English,English,United States,Yes,Female,No
62a8de7aff616a0a35abd3d9,5ec00f62cf12be40ea6fe344,AWAITING REVIEW,2022-06-14 19:16:41.836000,2022-06-14 19:34:10.570000,1048.734,47,2453,11,99,,NOCODE,United States,United States,Full-Time,English,English,United States,Yes,Female,No
62a8e15550edb59d35644eb1,60fd05e540846ba7851b2928,RETURNED,2022-06-14 19:28:50.640000,,564.312393,19,1068,12,97,,,CONSENT REVOKED,CONSENT REVOKED,CONSENT REVOKED,CONSENT REVOKED,CONSENT REVOKED,CONSENT REVOKED,CONSENT REVOKED,CONSENT REVOKED,CONSENT REVOKED
62a8e1832cdaa7ab43eb5fcc,5cb67a7ab73e8a001507fae5,RETURNED,2022-06-14 19:29:30.123000,,524.843565,51,827,1,100,,,CONSENT REVOKED,CONSENT REVOKED,CONSENT REVOKED,CONSENT REVOKED,CONSENT REVOKED,CONSENT REVOKED,CONSENT REVOKED,CONSENT REVOKED,CONSENT REVOKED
62a8e1a85cfe1aed9311ecbd,5d453e8723a5bb0001492546,ACTIVE,2022-06-14 19:29:44.166000,,510.816192,28,1327,15,98,,,United States,United States,Full-Time,English,English,United States,Yes,Male,Yes
