"","f1e","f2e","language","text","file_name_append","consonant","phoneme","correct"
"1","998.15","2119.57","french","puf","492813_blockNr_1_taskNr_4_trialNr_13_french_recording","p","u","original"
"2","734.15","2192.51","english","fuff","492813_blockNr_1_taskNr_6_trialNr_16_english_recording","f","schwa","original"
"3","245.04","1985.34","German","puf","492814_blockNr_1_taskNr_4_trialNr_15_German_recording","p","u","original"
"4","338.98","1934.29","German","puf","492814_blockNr_1_taskNr_4_trialNr_1_German_recording","p","u","original"
"5","340.05","2170.94","english","feef","492814_blockNr_1_taskNr_6_trialNr_12_english_recording","f","i","original"
"6","940.09","2061.52","french","fif","492817_blockNr_1_taskNr_4_trialNr_11_french_recording","f","i","original"
"7","324.61","1371.88","German","puf","492818_blockNr_1_taskNr_3_trialNr_6_German_recording","p","u","original"
"8","864.42","2760.33","french","pif","492818_blockNr_1_taskNr_4_trialNr_12_french_recording","p","i","original"
"9","609.94","1324.04","German","paf","492821_blockNr_1_taskNr_4_trialNr_18_German_recording","p","schwa","original"
"10","672.17","1367.68","spanish","paf","492821_blockNr_1_taskNr_6_trialNr_12_spanish_recording","p","a","original"
"11","632.12","1290.89","spanish","faf","492821_blockNr_1_taskNr_6_trialNr_8_spanish_recording","f","a","original"
"12","553.72","894.09","english","foff","492821_blockNr_1_taskNr_7_trialNr_14_english_recording","f","o","original"
"13","336.20","1615.25","english","fuff","492821_blockNr_1_taskNr_7_trialNr_17_english_recording","f","schwa","original"
"14","342.01","1723.34","english","fuff","492821_blockNr_1_taskNr_7_trialNr_21_english_recording","f","schwa","original"
"15","507.44","1081.65","German","fof","492824_blockNr_1_taskNr_3_trialNr_5_German_recording","f","o","original"
"16","339.49","2395.50","German","pif","492824_blockNr_1_taskNr_3_trialNr_6_German_recording","p","i","original"
"17","396.81","2095.65","french","pif","492824_blockNr_1_taskNr_4_trialNr_7_french_recording","p","i","original"
"18","736.81","1304.62","spanish","faf","492824_blockNr_1_taskNr_6_trialNr_12_spanish_recording","f","a","original"
"19","761.41","1351.67","spanish","paf","492824_blockNr_1_taskNr_6_trialNr_13_spanish_recording","p","a","original"
"20","335.59","714.84","spanish","fuf","492824_blockNr_1_taskNr_6_trialNr_16_spanish_recording","f","u","original"
"21","574.33","1406.54","english","puff","492825_blockNr_1_taskNr_7_trialNr_23_english_recording","p","schwa","original"
"22","1171.57","2401.53","french","pif","492828_blockNr_1_taskNr_3_trialNr_12_french_recording","p","i","original"
"23","456.22","1046.04","German","fof","492828_blockNr_1_taskNr_4_trialNr_6_German_recording","f","o","original"
"24","833.76","1987.90","German","fuf","492828_blockNr_1_taskNr_4_trialNr_8_German_recording","f","u","original"
"25","614.90","2405.22","spanish","pof","492828_blockNr_1_taskNr_6_trialNr_19_spanish_recording","p","o","original"
"26","1182.88","2537.73","spanish","pif","492828_blockNr_1_taskNr_6_trialNr_20_spanish_recording","p","i","original"
"27","486.24","1602.39","french","fof","492835_blockNr_1_taskNr_3_trialNr_24_french_recording","f","o","original"
"28","309.32","2038.36","German","fuf","492835_blockNr_1_taskNr_4_trialNr_13_German_recording","f","u","original"
"29","901.76","2537.59","spanish","fif","492835_blockNr_1_taskNr_6_trialNr_10_spanish_recording","f","i","original"
"30","360.69","859.74","english","foof","492835_blockNr_1_taskNr_7_trialNr_3_english_recording","f","u","original"
"31","444.65","851.05","German","fof","492845_blockNr_1_taskNr_3_trialNr_11_German_recording","f","o","original"
"32","459.57","956.62","German","pof","492845_blockNr_1_taskNr_3_trialNr_21_German_recording","p","o","original"
"33","641.26","1177.88","spanish","faf","492845_blockNr_1_taskNr_6_trialNr_7_spanish_recording","f","a","original"
"34","443.83","1537.64","french","puf","492854_blockNr_1_taskNr_3_trialNr_14_french_recording","p","u","original"
"35","333.01","1870.09","english","peef","492854_blockNr_1_taskNr_6_trialNr_17_english_recording","p","i","original"
"36","330.62","2554.59","German","pif","492856_blockNr_1_taskNr_3_trialNr_20_German_recording","p","i","original"
"37","385.45","1723.02","french","fuf","492856_blockNr_1_taskNr_4_trialNr_6_french_recording","f","u","original"
"38","428.31","983.13","spanish","puf","492856_blockNr_1_taskNr_6_trialNr_19_spanish_recording","p","u","original"
"39","388.46","2369.66","english","peef","492856_blockNr_1_taskNr_7_trialNr_1_english_recording","p","i","original"
"40","307.52","2203.90","english","feef","492856_blockNr_1_taskNr_7_trialNr_5_english_recording","f","i","original"
"41","672.87","1420.56","french","fof","492864_blockNr_1_taskNr_3_trialNr_5_french_recording","f","o","original"
"42","379.28","1273.73","english","poof","492864_blockNr_1_taskNr_6_trialNr_3_english_recording","p","u","original"
"43","420.86","1051.92","english","foof","492864_blockNr_1_taskNr_6_trialNr_7_english_recording","f","u","original"
"44","824.97","1328.56","spanish","fof","492864_blockNr_1_taskNr_7_trialNr_3_spanish_recording","f","o","original"
"45","265.76","2278.31","french","pif","492872_blockNr_1_taskNr_3_trialNr_24_french_recording","p","i","original"
"46","579.84","1127.93","english","puff","492872_blockNr_1_taskNr_6_trialNr_13_english_recording","p","schwa","original"
"47","594.22","1163.47","spanish","puf","492872_blockNr_1_taskNr_7_trialNr_16_spanish_recording","p","u","original"
"48","488.11","1761.45","french","faf","492880_blockNr_1_taskNr_3_trialNr_23_french_recording","f","schwa","original"
"49","357.73","1803.45","english","foof","492882_blockNr_1_taskNr_6_trialNr_11_english_recording","f","u","original"
"50","468.80","1924.93","spanish","fuf","492882_blockNr_1_taskNr_7_trialNr_3_spanish_recording","f","u","original"
"51","624.07","1689.79","french","faf","492909_blockNr_1_taskNr_4_trialNr_2_french_recording","f","schwa","original"
"52","471.22","1672.44","spanish","pif","493072_blockNr_1_taskNr_7_trialNr_10_spanish_recording","p","i","original"
"53","659.15","2508.88","french","pif","493097_blockNr_1_taskNr_4_trialNr_16_french_recording","p","i","original"
"54","807.13","1585.85","spanish","paf","493097_blockNr_1_taskNr_6_trialNr_21_spanish_recording","p","a","original"
"55","618.46","2507.05","spanish","pif","493097_blockNr_1_taskNr_6_trialNr_22_spanish_recording","p","i","original"
"56","641.99","994.94","spanish","fof","493097_blockNr_1_taskNr_6_trialNr_8_spanish_recording","f","o","original"
"57","767.63","1472.89","english","puff","493097_blockNr_1_taskNr_7_trialNr_5_english_recording","p","schwa","original"
"58","749.18","1479.23","english","fuff","493097_blockNr_1_taskNr_7_trialNr_7_english_recording","f","schwa","original"
"59","811.72","1282.76","German","paf","493151_blockNr_1_taskNr_3_trialNr_17_German_recording","p","schwa","original"
"60","332.32","2615.68","english","feef","493151_blockNr_1_taskNr_6_trialNr_8_english_recording","f","i","original"
"61","449.00","2415.45","french","fif","493215_blockNr_1_taskNr_3_trialNr_7_french_recording","f","i","original"
"62","403.07","2187.38","German","pif","493215_blockNr_1_taskNr_4_trialNr_12_German_recording","p","i","original"
"63","498.73","854.39","German","pof","493215_blockNr_1_taskNr_4_trialNr_7_German_recording","p","o","original"
"64","332.90","1747.31","french","fuf","493232_blockNr_1_taskNr_3_trialNr_24_french_recording","f","u","original"
"65","348.84","2305.47","english","feef","493232_blockNr_1_taskNr_7_trialNr_7_english_recording","f","i","original"
"66","440.73","1780.23","German","fif","493272_blockNr_1_taskNr_4_trialNr_1_German_recording","f","i","original"
"67","398.60","1581.20","German","pif","493272_blockNr_1_taskNr_4_trialNr_24_German_recording","p","i","original"
"68","448.51","2022.54","German","fuf","493272_blockNr_1_taskNr_4_trialNr_5_German_recording","f","u","original"
"69","714.33","1434.02","German","faf","493272_blockNr_1_taskNr_4_trialNr_8_German_recording","f","schwa","original"
"70","459.61","2213.62","spanish","fif","493272_blockNr_1_taskNr_6_trialNr_3_spanish_recording","f","i","original"
"71","677.83","2113.46","spanish","puf","493275_blockNr_1_taskNr_6_trialNr_17_spanish_recording","p","u","original"
"72","2195.73","2836.97","english","feef","493275_blockNr_1_taskNr_7_trialNr_1_english_recording","f","i","original"
"73","839.87","2175.05","french","pif","493278_blockNr_1_taskNr_4_trialNr_10_french_recording","p","i","original"
"74","432.08","955.86","spanish","puf","493297_blockNr_1_taskNr_6_trialNr_20_spanish_recording","p","u","original"
"75","424.82","926.34","english","foof","493297_blockNr_1_taskNr_7_trialNr_18_english_recording","f","u","original"
"76","679.28","1198.66","spanish","faf","493310_blockNr_1_taskNr_7_trialNr_2_spanish_recording","f","a","original"
"77","476.92","1139.28","french","pof","493414_blockNr_1_taskNr_4_trialNr_18_french_recording","p","o","original"
"78","378.06","904.43","english","foof","493414_blockNr_1_taskNr_7_trialNr_10_english_recording","f","u","original"
"79","500.25","1747.63","German","puf","493445_blockNr_1_taskNr_4_trialNr_13_German_recording","p","u","original"
"80","481.94","2242.70","German","pif","493445_blockNr_1_taskNr_4_trialNr_15_German_recording","p","i","original"
"81","453.40","2347.62","spanish","fif","493445_blockNr_1_taskNr_7_trialNr_10_spanish_recording","f","i","original"
"82","757.60","1010.30","spanish","fof","493445_blockNr_1_taskNr_7_trialNr_18_spanish_recording","f","o","original"
"83","678.58","1257.56","German","faf","493447_blockNr_1_taskNr_3_trialNr_12_German_recording","f","schwa","original"
"84","620.52","2537.89","German","fif","493447_blockNr_1_taskNr_3_trialNr_5_German_recording","f","i","original"
"85","621.79","1436.40","english","fuff","493453_blockNr_1_taskNr_6_trialNr_6_english_recording","f","schwa","original"
"86","904.27","1183.67","spanish","paf","493453_blockNr_1_taskNr_7_trialNr_7_spanish_recording","p","a","original"
"87","382.37","2710.76","German","fif","493454_blockNr_1_taskNr_4_trialNr_13_German_recording","f","i","original"
"88","647.92","1180.66","english","foff","493454_blockNr_1_taskNr_6_trialNr_11_english_recording","f","o","original"
"89","482.17","1006.47","english","fuff","493454_blockNr_1_taskNr_6_trialNr_9_english_recording","f","schwa","original"
"90","504.54","2263.90","German","fif","493488_blockNr_1_taskNr_3_trialNr_6_German_recording","f","i","original"
"91","352.54","1189.97","German","fuf","493499_blockNr_1_taskNr_4_trialNr_3_German_recording","f","u","original"
"92","769.33","1241.37","German","paf","493522_blockNr_1_taskNr_4_trialNr_12_German_recording","p","schwa","original"
"93","319.14","2688.81","english","feef","493522_blockNr_1_taskNr_6_trialNr_18_english_recording","f","i","original"
"94","480.09","787.55","German","pof","493817_blockNr_1_taskNr_3_trialNr_5_German_recording","p","o","original"
"95","392.80","755.56","english","puff","493817_blockNr_1_taskNr_7_trialNr_8_english_recording","p","schwa","original"
"96","329.66","2219.92","english","peef","493817_blockNr_1_taskNr_7_trialNr_9_english_recording","p","i","original"
"97","789.65","1383.69","German","faf","493828_blockNr_1_taskNr_4_trialNr_7_German_recording","f","schwa","original"
"98","385.62","2417.18","english","feef","493828_blockNr_1_taskNr_6_trialNr_23_english_recording","f","i","original"
"99","374.98","2524.02","english","feef","493860_blockNr_1_taskNr_6_trialNr_12_english_recording","f","i","original"
"100","412.33","1169.85","German","fuf","494162_blockNr_1_taskNr_3_trialNr_11_German_recording","f","u","original"
"101","418.99","771.10","spanish","puf","494162_blockNr_1_taskNr_6_trialNr_20_spanish_recording","p","u","original"
"102","654.70","958.40","english","foff","494162_blockNr_1_taskNr_7_trialNr_13_english_recording","f","o","original"
"103","497.08","2339.53","french","fif","494205_blockNr_1_taskNr_3_trialNr_8_french_recording","f","i","original"
"104","464.20","1290.80","english","puff","494216_blockNr_1_taskNr_6_trialNr_14_english_recording","p","schwa","original"
"105","246.53","2599.03","english","feef","494216_blockNr_1_taskNr_6_trialNr_16_english_recording","f","i","original"
"106","624.52","2418.22","french","pif","499438_blockNr_1_taskNr_3_trialNr_24_french_recording","p","i","original"
"107","565.23","1250.17","french","paf","499438_blockNr_1_taskNr_3_trialNr_3_french_recording","p","schwa","original"
"108","581.74","2178.71","German","pif","499438_blockNr_1_taskNr_4_trialNr_23_German_recording","p","i","original"
"109","322.06","1961.62","German","pif","499438_blockNr_1_taskNr_4_trialNr_4_German_recording","p","i","original"
"110","472.16","1139.05","German","pof","499438_blockNr_1_taskNr_4_trialNr_7_German_recording","p","o","original"
"111","368.13","835.28","english","foof","499438_blockNr_1_taskNr_6_trialNr_12_english_recording","f","u","original"
"112","684.53","999.62","english","foff","499438_blockNr_1_taskNr_6_trialNr_23_english_recording","f","o","original"
"113","698.72","2273.34","spanish","fuf","499438_blockNr_1_taskNr_7_trialNr_19_spanish_recording","f","u","original"
"114","418.43","1750.74","German","fuf","499441_blockNr_1_taskNr_4_trialNr_14_German_recording","f","u","original"
"115","364.58","2104.27","spanish","fif","499441_blockNr_1_taskNr_6_trialNr_14_spanish_recording","f","i","original"
"116","729.71","1325.82","english","puff","499441_blockNr_1_taskNr_7_trialNr_2_english_recording","p","schwa","original"
"117","388.67","831.26","German","fof","499444_blockNr_1_taskNr_3_trialNr_1_German_recording","f","o","original"
"118","563.84","1689.92","french","fuf","499444_blockNr_1_taskNr_4_trialNr_17_french_recording","f","u","original"
"119","846.05","1326.35","German","faf","499451_blockNr_1_taskNr_3_trialNr_9_German_recording","f","schwa","original"
"120","851.86","1870.55","German","fuf","499454_blockNr_1_taskNr_4_trialNr_22_German_recording","f","u","original"
"121","631.53","2225.35","english","peef","499454_blockNr_1_taskNr_6_trialNr_7_english_recording","p","i","original"
"122","395.44","917.86","spanish","puf","499454_blockNr_1_taskNr_7_trialNr_19_spanish_recording","p","u","original"
"123","547.86","1030.20","english","fuff","499456_blockNr_1_taskNr_7_trialNr_14_english_recording","f","schwa","original"
"124","624.06","1177.27","German","faf","499458_blockNr_1_taskNr_4_trialNr_1_German_recording","f","schwa","original"
"125","642.91","1247.82","German","faf","499458_blockNr_1_taskNr_4_trialNr_3_German_recording","f","schwa","original"
"126","589.22","872.09","english","puff","499458_blockNr_1_taskNr_6_trialNr_16_english_recording","p","schwa","original"
"127","541.66","938.79","spanish","fof","499458_blockNr_1_taskNr_7_trialNr_14_spanish_recording","f","o","original"
"128","338.89","2101.87","German","fif","499461_blockNr_1_taskNr_4_trialNr_10_German_recording","f","i","original"
"129","898.25","2103.02","German","pif","499461_blockNr_1_taskNr_4_trialNr_6_German_recording","p","i","original"
"130","371.40","1587.65","spanish","fuf","499461_blockNr_1_taskNr_6_trialNr_4_spanish_recording","f","u","original"
"131","421.91","1057.49","spanish","faf","499461_blockNr_1_taskNr_6_trialNr_8_spanish_recording","f","a","original"
"132","364.78","1841.16","German","fuf","499467_blockNr_1_taskNr_3_trialNr_19_German_recording","f","u","original"
"133","428.17","1790.32","french","fuf","499467_blockNr_1_taskNr_4_trialNr_21_french_recording","f","u","original"
"134","389.88","2409.06","french","pif","499467_blockNr_1_taskNr_4_trialNr_4_french_recording","p","i","original"
"135","598.90","1436.39","spanish","pif","499468_blockNr_1_taskNr_6_trialNr_17_spanish_recording","p","i","original"
"136","715.12","1362.36","spanish","paf","499468_blockNr_1_taskNr_6_trialNr_2_spanish_recording","p","a","original"
"137","685.18","1222.95","spanish","faf","499468_blockNr_1_taskNr_6_trialNr_3_spanish_recording","f","a","original"
"138","336.34","1942.44","english","peef","499468_blockNr_1_taskNr_7_trialNr_16_english_recording","p","i","original"
"139","598.42","1723.07","french","pof","499470_blockNr_1_taskNr_4_trialNr_2_french_recording","p","o","original"
"140","383.92","2613.38","spanish","fif","499470_blockNr_1_taskNr_6_trialNr_1_spanish_recording","f","i","original"
"141","459.43","892.54","english","fuff","499470_blockNr_1_taskNr_7_trialNr_12_english_recording","f","schwa","original"
"142","736.54","2186.97","spanish","pof","499473_blockNr_1_taskNr_7_trialNr_10_spanish_recording","p","o","original"
"143","957.11","2228.24","German","pif","499474_blockNr_1_taskNr_3_trialNr_20_German_recording","p","i","original"
"144","611.33","2152.57","German","fif","499474_blockNr_1_taskNr_3_trialNr_22_German_recording","f","i","original"
"145","761.94","1755.40","french","faf","499474_blockNr_1_taskNr_4_trialNr_1_french_recording","f","schwa","original"
"146","705.66","1163.71","english","foff","499474_blockNr_1_taskNr_6_trialNr_9_english_recording","f","o","original"
"147","706.76","1508.73","spanish","puf","499474_blockNr_1_taskNr_7_trialNr_19_spanish_recording","p","u","original"
"148","403.57","1120.92","German","fof","499475_blockNr_1_taskNr_3_trialNr_11_German_recording","f","o","original"
"149","319.66","1888.66","German","fuf","499475_blockNr_1_taskNr_3_trialNr_5_German_recording","f","u","original"
"150","773.87","1312.04","english","foof","499475_blockNr_1_taskNr_6_trialNr_11_english_recording","f","u","original"
"151","472.94","1365.40","french","pof","499477_blockNr_1_taskNr_3_trialNr_9_french_recording","p","o","original"
"152","431.10","855.84","German","fof","499477_blockNr_1_taskNr_4_trialNr_2_German_recording","f","o","original"
"153","1408.30","2013.27","french","fuf","499480_blockNr_1_taskNr_3_trialNr_7_french_recording","f","u","original"
"154","354.64","978.92","German","pof","499480_blockNr_1_taskNr_4_trialNr_24_German_recording","p","o","original"
"155","641.17","2174.31","english","feef","499480_blockNr_1_taskNr_6_trialNr_3_english_recording","f","i","original"
"156","378.89","737.95","spanish","fuf","499480_blockNr_1_taskNr_7_trialNr_15_spanish_recording","f","u","original"
"157","773.27","1216.49","German","faf","499483_blockNr_1_taskNr_4_trialNr_18_German_recording","f","schwa","original"
"158","661.31","1111.26","German","faf","499483_blockNr_1_taskNr_4_trialNr_2_German_recording","f","schwa","original"
"159","292.14","2164.07","spanish","pif","499483_blockNr_1_taskNr_7_trialNr_15_spanish_recording","p","i","original"
"160","765.34","1547.59","German","faf","499488_blockNr_1_taskNr_3_trialNr_15_German_recording","f","schwa","original"
"161","999.01","2026.49","french","fuf","499488_blockNr_1_taskNr_4_trialNr_3_french_recording","f","u","original"
"162","327.36","1324.62","spanish","pof","499488_blockNr_1_taskNr_6_trialNr_4_spanish_recording","p","o","original"
"163","421.09","2642.87","english","feef","499488_blockNr_1_taskNr_7_trialNr_13_english_recording","f","i","original"
"164","588.09","1577.41","english","fuff","499488_blockNr_1_taskNr_7_trialNr_17_english_recording","f","schwa","original"
"165","472.16","1493.14","english","foff","499488_blockNr_1_taskNr_7_trialNr_2_english_recording","f","o","original"
"166","441.59","2403.26","french","fif","499489_blockNr_1_taskNr_4_trialNr_2_french_recording","f","i","original"
"167","914.12","1292.73","english","puff","499497_blockNr_1_taskNr_6_trialNr_10_english_recording","p","schwa","original"
"168","654.69","1138.78","spanish","pof","499497_blockNr_1_taskNr_7_trialNr_10_spanish_recording","p","o","original"
"169","626.35","1248.81","french","fof","499504_blockNr_1_taskNr_4_trialNr_18_french_recording","f","o","original"
"170","793.04","1325.37","spanish","paf","499504_blockNr_1_taskNr_6_trialNr_6_spanish_recording","p","a","original"
"171","635.54","1627.01","french","faf","499507_blockNr_1_taskNr_3_trialNr_10_french_recording","f","schwa","original"
"172","821.90","1247.55","German","faf","499507_blockNr_1_taskNr_4_trialNr_21_German_recording","f","schwa","original"
"173","367.62","2203.02","english","peef","499507_blockNr_1_taskNr_7_trialNr_16_english_recording","p","i","original"
"174","507.90","1278.37","english","poof","499507_blockNr_1_taskNr_7_trialNr_7_english_recording","p","u","original"
"175","460.01","858.15","German","faf","499511_blockNr_1_taskNr_3_trialNr_2_German_recording","f","schwa","original"
"176","312.43","2353.74","french","fif","499511_blockNr_1_taskNr_4_trialNr_3_french_recording","f","i","original"
"177","628.47","1234.43","english","foff","499511_blockNr_1_taskNr_6_trialNr_6_english_recording","f","o","original"
"178","322.65","2444.03","spanish","pif","499511_blockNr_1_taskNr_7_trialNr_23_spanish_recording","p","i","original"
"179","737.70","1338.11","spanish","faf","499511_blockNr_1_taskNr_7_trialNr_7_spanish_recording","f","a","original"
"180","353.75","2352.53","spanish","pif","499511_blockNr_1_taskNr_7_trialNr_8_spanish_recording","p","i","original"
"181","856.45","1484.29","German","paf","499512_blockNr_1_taskNr_4_trialNr_2_German_recording","p","schwa","original"
"182","716.47","988.27","english","fuff","499512_blockNr_1_taskNr_7_trialNr_2_english_recording","f","schwa","original"
"183","394.56","969.24","German","pof","499514_blockNr_1_taskNr_4_trialNr_16_German_recording","p","o","original"
"184","744.80","1550.74","German","paf","499514_blockNr_1_taskNr_4_trialNr_18_German_recording","p","schwa","original"
"185","498.20","1224.18","french","faf","499515_blockNr_1_taskNr_4_trialNr_5_french_recording","f","schwa","original"
"186","460.99","1103.36","french","fof","499515_blockNr_1_taskNr_4_trialNr_6_french_recording","f","o","original"
"187","321.15","2240.27","spanish","pif","499515_blockNr_1_taskNr_6_trialNr_7_spanish_recording","p","i","original"
"188","388.41","996.13","english","foff","499515_blockNr_1_taskNr_7_trialNr_2_english_recording","f","o","original"
"189","417.40","1045.14","english","puff","499515_blockNr_1_taskNr_7_trialNr_3_english_recording","p","schwa","original"
"190","657.94","1700.00","German","fuf","499516_blockNr_1_taskNr_3_trialNr_1_German_recording","f","u","original"
"191","319.98","2516.62","english","feef","499516_blockNr_1_taskNr_6_trialNr_21_english_recording","f","i","original"
"192","744.11","1345.26","english","foff","499516_blockNr_1_taskNr_6_trialNr_3_english_recording","f","o","original"
"193","331.25","1075.86","english","poof","499516_blockNr_1_taskNr_6_trialNr_7_english_recording","p","u","original"
"194","788.57","1564.08","english","fuff","499516_blockNr_1_taskNr_6_trialNr_9_english_recording","f","schwa","original"
"195","749.23","1546.90","spanish","pof","499516_blockNr_1_taskNr_7_trialNr_22_spanish_recording","p","o","original"
"196","350.79","2793.91","German","pif","499525_blockNr_1_taskNr_4_trialNr_6_German_recording","p","i","original"
"197","372.12","849.83","spanish","fuf","499525_blockNr_1_taskNr_7_trialNr_2_spanish_recording","f","u","original"
"198","428.41","2070.03","German","fuf","499527_blockNr_1_taskNr_4_trialNr_16_German_recording","f","u","original"
"199","585.37","1217.63","spanish","fof","499527_blockNr_1_taskNr_6_trialNr_5_spanish_recording","f","o","original"
"200","306.95","1202.76","German","puf","499532_blockNr_1_taskNr_4_trialNr_12_German_recording","p","u","original"
"201","952.51","1488.48","German","faf","499532_blockNr_1_taskNr_4_trialNr_4_German_recording","f","schwa","original"
"202","502.36","873.86","German","fof","499532_blockNr_1_taskNr_4_trialNr_9_German_recording","f","o","original"
"203","773.79","1424.22","spanish","paf","499532_blockNr_1_taskNr_7_trialNr_3_spanish_recording","p","a","original"
"204","366.90","1967.47","french","pif","499536_blockNr_1_taskNr_4_trialNr_18_french_recording","p","i","original"
"205","378.60","935.23","spanish","fuf","499536_blockNr_1_taskNr_7_trialNr_3_spanish_recording","f","u","original"
"206","390.10","970.66","french","fof","499542_blockNr_1_taskNr_4_trialNr_9_french_recording","f","o","original"
"207","750.18","1454.73","spanish","paf","499542_blockNr_1_taskNr_6_trialNr_16_spanish_recording","p","a","original"
"208","439.17","1034.74","spanish","puf","499542_blockNr_1_taskNr_6_trialNr_20_spanish_recording","p","u","original"
"209","460.86","1693.32","french","faf","499553_blockNr_1_taskNr_3_trialNr_15_french_recording","f","schwa","original"
"210","557.49","1099.93","french","pof","499553_blockNr_1_taskNr_3_trialNr_5_french_recording","p","o","original"
"211","431.60","1039.18","German","pof","499553_blockNr_1_taskNr_4_trialNr_11_German_recording","p","o","original"
"212","305.21","2130.72","German","pif","499553_blockNr_1_taskNr_4_trialNr_21_German_recording","p","i","original"
"213","628.85","1074.37","english","foff","499557_blockNr_1_taskNr_6_trialNr_17_english_recording","f","o","original"
"214","570.73","1301.49","french","pof","499561_blockNr_1_taskNr_4_trialNr_2_french_recording","p","o","original"
"215","348.89","831.87","German","fof","499567_blockNr_1_taskNr_3_trialNr_3_German_recording","f","o","original"
"216","767.75","1023.71","french","faf","499567_blockNr_1_taskNr_4_trialNr_20_french_recording","f","schwa","original"
"217","796.57","1174.39","spanish","fuf","499567_blockNr_1_taskNr_6_trialNr_7_spanish_recording","f","u","original"
"218","469.04","2698.42","french","pif","499570_blockNr_1_taskNr_3_trialNr_24_french_recording","p","i","original"
"219","490.52","2048.56","french","pif","499570_blockNr_1_taskNr_3_trialNr_2_french_recording","p","i","original"
"220","467.22","2751.61","french","fif","499570_blockNr_1_taskNr_3_trialNr_6_french_recording","f","i","original"
"221","392.38","2377.36","German","pif","499574_blockNr_1_taskNr_3_trialNr_17_German_recording","p","i","original"
"222","766.58","1747.08","french","faf","499574_blockNr_1_taskNr_4_trialNr_20_french_recording","f","schwa","original"
"223","406.40","2408.39","spanish","fif","499574_blockNr_1_taskNr_7_trialNr_21_spanish_recording","f","i","original"
"224","408.26","1989.98","french","fif","499595_blockNr_1_taskNr_3_trialNr_11_french_recording","f","i","original"
"225","311.73","1766.77","German","fuf","499595_blockNr_1_taskNr_4_trialNr_7_German_recording","f","u","original"
"226","506.33","1753.65","english","foof","499595_blockNr_1_taskNr_7_trialNr_10_english_recording","f","u","original"
"227","546.88","1620.02","english","puff","499595_blockNr_1_taskNr_7_trialNr_9_english_recording","p","schwa","original"
"228","808.38","2621.35","french","pif","500068_blockNr_1_taskNr_3_trialNr_22_french_recording","p","i","original"
"229","817.65","1510.56","German","paf","500068_blockNr_1_taskNr_4_trialNr_9_German_recording","p","schwa","original"
"230","890.41","1696.98","spanish","paf","500068_blockNr_1_taskNr_6_trialNr_15_spanish_recording","p","a","original"
"231","845.45","1832.87","spanish","faf","500068_blockNr_1_taskNr_6_trialNr_7_spanish_recording","f","a","original"
"232","288.34","2566.11","German","fif","500081_blockNr_1_taskNr_3_trialNr_6_German_recording","f","i","original"
"233","950.90","1509.36","spanish","paf","500081_blockNr_1_taskNr_6_trialNr_9_spanish_recording","p","a","original"
"234","367.75","1994.60","German","puf","500100_blockNr_1_taskNr_3_trialNr_18_German_recording","p","u","original"
"235","894.47","1223.15","english","poff","500100_blockNr_1_taskNr_7_trialNr_23_english_recording","p","o","original"
"236","633.05","1181.86","french","pof","500111_blockNr_1_taskNr_3_trialNr_22_french_recording","p","o","original"
"237","620.76","1128.43","french","pof","500111_blockNr_1_taskNr_3_trialNr_3_french_recording","p","o","original"
"238","819.87","1230.03","German","faf","500111_blockNr_1_taskNr_4_trialNr_16_German_recording","f","schwa","original"
"239","317.35","2379.54","German","fif","500111_blockNr_1_taskNr_4_trialNr_2_German_recording","f","i","original"
"240","745.54","1116.15","english","puff","500111_blockNr_1_taskNr_7_trialNr_11_english_recording","p","schwa","original"
"241","402.66","832.31","english","poof","500111_blockNr_1_taskNr_7_trialNr_7_english_recording","p","u","original"
"242","364.73","2988.84","German","fif","500120_blockNr_1_taskNr_3_trialNr_12_German_recording","f","i","original"
"243","362.27","2918.98","German","pif","500120_blockNr_1_taskNr_3_trialNr_18_German_recording","p","i","original"
"244","371.85","2131.00","German","puf","500120_blockNr_1_taskNr_3_trialNr_3_German_recording","p","u","original"
"245","338.87","2915.90","english","peef","500120_blockNr_1_taskNr_6_trialNr_7_english_recording","p","i","original"
"246","422.52","1558.06","english","foof","500120_blockNr_1_taskNr_6_trialNr_9_english_recording","f","u","original"
"247","471.73","849.00","spanish","pof","500120_blockNr_1_taskNr_7_trialNr_3_spanish_recording","p","o","original"
"248","707.70","1828.18","German","puf","500137_blockNr_1_taskNr_4_trialNr_11_German_recording","p","u","original"
"249","720.33","2636.84","German","fif","500137_blockNr_1_taskNr_4_trialNr_21_German_recording","f","i","original"
"250","1003.13","1910.21","spanish","puf","500137_blockNr_1_taskNr_6_trialNr_17_spanish_recording","p","u","original"
"251","1016.59","1675.75","french","puf","500141_blockNr_1_taskNr_3_trialNr_21_french_recording","p","u","original"
"252","551.55","1584.96","english","poof","500141_blockNr_1_taskNr_6_trialNr_14_english_recording","p","u","original"
"253","688.15","1282.07","english","fuff","500141_blockNr_1_taskNr_6_trialNr_15_english_recording","f","schwa","original"
"254","418.05","2671.33","english","feef","500141_blockNr_1_taskNr_6_trialNr_4_english_recording","f","i","original"
"255","919.74","1784.85","spanish","faf","500151_blockNr_1_taskNr_7_trialNr_3_spanish_recording","f","a","original"
"256","404.08","2468.54","french","fif","500157_blockNr_1_taskNr_3_trialNr_23_french_recording","f","i","original"
"257","537.94","1586.37","spanish","faf","500179_blockNr_1_taskNr_6_trialNr_22_spanish_recording","f","a","original"
"258","378.91","1312.13","english","puff","500179_blockNr_1_taskNr_7_trialNr_17_english_recording","p","schwa","original"
"259","482.90","1251.03","spanish","fof","500181_blockNr_1_taskNr_6_trialNr_16_spanish_recording","f","o","original"
"260","416.38","2753.93","spanish","pif","500181_blockNr_1_taskNr_6_trialNr_21_spanish_recording","p","i","original"
"261","407.65","2718.66","spanish","fif","500181_blockNr_1_taskNr_6_trialNr_22_spanish_recording","f","i","original"
"262","401.82","2042.86","french","fuf","500187_blockNr_1_taskNr_4_trialNr_2_french_recording","f","u","original"
"263","671.80","1373.94","spanish","fuf","500187_blockNr_1_taskNr_6_trialNr_10_spanish_recording","f","u","original"
"264","684.94","1417.29","German","faf","500188_blockNr_1_taskNr_3_trialNr_17_German_recording","f","schwa","original"
"265","667.76","1052.06","German","faf","500188_blockNr_1_taskNr_3_trialNr_22_German_recording","f","schwa","original"
"266","457.58","2088.25","french","fuf","500188_blockNr_1_taskNr_4_trialNr_19_french_recording","f","u","original"
"267","598.44","1151.75","french","fof","500188_blockNr_1_taskNr_4_trialNr_9_french_recording","f","o","original"
"268","721.88","1063.96","english","foff","500188_blockNr_1_taskNr_6_trialNr_9_english_recording","f","o","original"
"269","749.53","1488.64","spanish","puf","500188_blockNr_1_taskNr_7_trialNr_17_spanish_recording","p","u","original"
"270","425.08","1702.75","french","puf","500205_blockNr_1_taskNr_3_trialNr_14_french_recording","p","u","original"
"271","730.39","1114.04","spanish","fof","500205_blockNr_1_taskNr_6_trialNr_11_spanish_recording","f","o","original"
"272","606.53","1765.78","french","paf","500213_blockNr_1_taskNr_3_trialNr_14_french_recording","p","schwa","original"
"273","679.31","1301.85","German","faf","500213_blockNr_1_taskNr_4_trialNr_13_German_recording","f","schwa","original"
"274","712.97","1397.79","english","fuff","500213_blockNr_1_taskNr_6_trialNr_7_english_recording","f","schwa","original"
"275","363.16","2553.96","German","pif","500216_blockNr_1_taskNr_4_trialNr_22_German_recording","p","i","original"
"276","552.83","1453.20","German","fuf","500216_blockNr_1_taskNr_4_trialNr_6_German_recording","f","u","original"
"277","405.05","2517.91","spanish","fif","500216_blockNr_1_taskNr_6_trialNr_16_spanish_recording","f","i","original"
"278","446.76","1067.22","english","poof","500216_blockNr_1_taskNr_7_trialNr_4_english_recording","p","u","original"
"279","507.86","1282.59","french","fof","500221_blockNr_1_taskNr_3_trialNr_4_french_recording","f","o","original"
"280","698.21","1306.95","German","faf","500221_blockNr_1_taskNr_4_trialNr_14_German_recording","f","schwa","original"
"281","756.72","1614.06","spanish","faf","500221_blockNr_1_taskNr_7_trialNr_13_spanish_recording","f","a","original"
"282","337.89","2499.32","spanish","pif","500221_blockNr_1_taskNr_7_trialNr_6_spanish_recording","p","i","original"
"283","422.47","2097.69","french","puf","500223_blockNr_1_taskNr_3_trialNr_2_french_recording","p","u","original"
"284","399.23","773.50","German","fof","500223_blockNr_1_taskNr_4_trialNr_23_German_recording","f","o","original"
"285","761.41","1265.78","english","fuff","500223_blockNr_1_taskNr_6_trialNr_6_english_recording","f","schwa","original"
"286","369.32","2773.79","German","pif","500225_blockNr_1_taskNr_3_trialNr_1_German_recording","p","i","original"
"287","738.37","1798.15","spanish","fuf","500225_blockNr_1_taskNr_6_trialNr_14_spanish_recording","f","u","original"
"288","389.77","2829.53","english","feef","500225_blockNr_1_taskNr_7_trialNr_23_english_recording","f","i","original"
"289","416.43","1409.21","english","poof","500231_blockNr_1_taskNr_6_trialNr_10_english_recording","p","u","original"
"290","877.12","1173.65","english","fuff","500233_blockNr_1_taskNr_6_trialNr_20_english_recording","f","schwa","original"
"291","1620.01","2546.26","english","feef","500233_blockNr_1_taskNr_6_trialNr_6_english_recording","f","i","original"
"292","804.84","2276.96","english","poff","500233_blockNr_1_taskNr_6_trialNr_7_english_recording","p","o","original"
"293","280.10","2249.30","french","pif","500244_blockNr_1_taskNr_3_trialNr_18_french_recording","p","i","original"
"294","363.32","1770.25","German","fuf","500244_blockNr_1_taskNr_4_trialNr_13_German_recording","f","u","original"
"295","304.66","1604.05","German","fuf","500244_blockNr_1_taskNr_4_trialNr_18_German_recording","f","u","original"
"296","578.11","1180.58","english","puff","500244_blockNr_1_taskNr_6_trialNr_2_english_recording","p","schwa","original"
"297","277.50","2214.48","spanish","fif","500244_blockNr_1_taskNr_7_trialNr_9_spanish_recording","f","i","original"
"298","668.67","1694.83","German","fuf","500247_blockNr_1_taskNr_3_trialNr_16_German_recording","f","u","original"
"299","611.55","1180.44","spanish","fof","500247_blockNr_1_taskNr_7_trialNr_1_spanish_recording","f","o","original"
"300","878.98","1401.14","spanish","fof","500247_blockNr_1_taskNr_7_trialNr_23_spanish_recording","f","o","original"
"301","370.46","2180.56","German","pif","500260_blockNr_1_taskNr_3_trialNr_10_German_recording","p","i","original"
"302","354.47","2169.22","french","fif","500260_blockNr_1_taskNr_4_trialNr_7_french_recording","f","i","original"
"303","575.85","1308.36","German","pof","500263_blockNr_1_taskNr_3_trialNr_2_German_recording","p","o","original"
"304","818.77","1655.34","french","faf","500263_blockNr_1_taskNr_4_trialNr_13_french_recording","f","schwa","original"
"305","360.63","2615.84","french","pif","500263_blockNr_1_taskNr_4_trialNr_9_french_recording","p","i","original"
"306","997.02","1620.12","english","puff","500263_blockNr_1_taskNr_7_trialNr_12_english_recording","p","schwa","original"
"307","599.50","2507.91","German","pif","500265_blockNr_1_taskNr_3_trialNr_19_German_recording","p","i","original"
"308","308.48","2298.73","spanish","pif","500265_blockNr_1_taskNr_6_trialNr_19_spanish_recording","p","i","original"
"309","274.26","2135.82","spanish","pif","500265_blockNr_1_taskNr_6_trialNr_24_spanish_recording","p","i","original"
"310","464.40","2297.35","french","pif","500268_blockNr_1_taskNr_3_trialNr_5_french_recording","p","i","original"
"311","315.56","2575.85","German","fif","500268_blockNr_1_taskNr_4_trialNr_13_German_recording","f","i","original"
"312","398.97","2501.11","German","pif","500268_blockNr_1_taskNr_4_trialNr_17_German_recording","p","i","original"
"313","755.57","1441.66","German","faf","500268_blockNr_1_taskNr_4_trialNr_2_German_recording","f","schwa","original"
"314","428.72","1322.03","english","poof","500268_blockNr_1_taskNr_6_trialNr_10_english_recording","p","u","original"
"315","525.06","1849.62","french","pif","500271_blockNr_1_taskNr_3_trialNr_4_french_recording","p","i","original"
"316","268.30","968.17","German","fof","500271_blockNr_1_taskNr_4_trialNr_21_German_recording","f","o","original"
"317","670.66","1214.01","spanish","fuf","500271_blockNr_1_taskNr_6_trialNr_24_spanish_recording","f","u","original"
"318","771.85","1686.60","spanish","paf","500271_blockNr_1_taskNr_6_trialNr_3_spanish_recording","p","a","original"
"319","256.14","1349.22","english","foof","500271_blockNr_1_taskNr_7_trialNr_6_english_recording","f","u","original"
"320","552.29","1125.13","english","fuff","500283_blockNr_1_taskNr_6_trialNr_18_english_recording","f","schwa","original"
"321","791.67","1326.30","spanish","fof","500283_blockNr_1_taskNr_7_trialNr_24_spanish_recording","f","o","original"
"322","412.00","2597.07","french","pif","500287_blockNr_1_taskNr_3_trialNr_10_french_recording","p","i","original"
"323","588.76","1279.61","english","poof","500287_blockNr_1_taskNr_6_trialNr_17_english_recording","p","u","original"
"324","872.85","1327.74","spanish","pof","500287_blockNr_1_taskNr_7_trialNr_11_spanish_recording","p","o","original"
"325","836.37","2382.50","french","pif","500296_blockNr_1_taskNr_3_trialNr_6_french_recording","p","i","original"
"326","486.65","1597.00","french","pof","500296_blockNr_1_taskNr_3_trialNr_8_french_recording","p","o","original"
"327","355.09","2779.15","German","fif","500296_blockNr_1_taskNr_4_trialNr_24_German_recording","f","i","original"
"328","498.71","2691.02","french","fif","500298_blockNr_1_taskNr_4_trialNr_13_french_recording","f","i","original"
"329","449.19","1390.92","french","fof","500301_blockNr_1_taskNr_3_trialNr_3_french_recording","f","o","original"
"330","376.75","858.14","German","pof","500301_blockNr_1_taskNr_4_trialNr_23_German_recording","p","o","original"
"331","570.88","1104.57","spanish","pof","500301_blockNr_1_taskNr_6_trialNr_18_spanish_recording","p","o","original"
"332","340.32","2194.59","english","peef","500301_blockNr_1_taskNr_7_trialNr_11_english_recording","p","i","original"
"333","768.35","1129.64","english","foff","500301_blockNr_1_taskNr_7_trialNr_18_english_recording","f","o","original"
"334","497.95","1527.64","english","foof","500310_blockNr_1_taskNr_6_trialNr_15_english_recording","f","u","original"
"335","833.21","1555.57","english","fuff","500310_blockNr_1_taskNr_6_trialNr_20_english_recording","f","schwa","original"
"336","315.68","1512.15","German","puf","500315_blockNr_1_taskNr_4_trialNr_11_German_recording","p","u","original"
"337","348.74","1697.42","German","fuf","500315_blockNr_1_taskNr_4_trialNr_22_German_recording","f","u","original"
"338","379.13","1115.86","German","fof","500315_blockNr_1_taskNr_4_trialNr_6_German_recording","f","o","original"
"339","479.51","1860.23","spanish","fif","500315_blockNr_1_taskNr_6_trialNr_12_spanish_recording","f","i","original"
"340","601.92","1419.15","english","foof","500315_blockNr_1_taskNr_7_trialNr_7_english_recording","f","u","original"
"341","1204.73","2204.55","french","fif","500320_blockNr_1_taskNr_3_trialNr_13_french_recording","f","i","original"
"342","372.42","2560.62","english","feef","500320_blockNr_1_taskNr_7_trialNr_19_english_recording","f","i","original"
"343","344.20","2313.37","english","peef","500320_blockNr_1_taskNr_7_trialNr_4_english_recording","p","i","original"
"344","450.21","769.50","German","pof","500328_blockNr_1_taskNr_3_trialNr_12_German_recording","p","o","original"
"345","476.44","1774.76","french","fuf","500328_blockNr_1_taskNr_4_trialNr_20_french_recording","f","u","original"
"346","379.21","1366.92","spanish","puf","500328_blockNr_1_taskNr_6_trialNr_20_spanish_recording","p","u","original"
"347","397.44","2806.22","spanish","fif","500328_blockNr_1_taskNr_6_trialNr_4_spanish_recording","f","i","original"
"348","677.66","1153.37","french","fof","500331_blockNr_1_taskNr_4_trialNr_8_french_recording","f","o","original"
"349","423.16","2518.00","english","feef","500331_blockNr_1_taskNr_6_trialNr_4_english_recording","f","i","original"
"350","863.04","1413.47","english","puff","500331_blockNr_1_taskNr_6_trialNr_8_english_recording","p","schwa","original"
"351","635.50","1059.94","spanish","pof","500331_blockNr_1_taskNr_7_trialNr_20_spanish_recording","p","o","original"
"352","874.85","1762.57","spanish","faf","500331_blockNr_1_taskNr_7_trialNr_22_spanish_recording","f","a","original"
"353","321.60","2479.20","english","feef","500348_blockNr_1_taskNr_6_trialNr_22_english_recording","f","i","original"
"354","517.95","2257.30","spanish","fif","500348_blockNr_1_taskNr_7_trialNr_13_spanish_recording","f","i","original"
"355","942.05","1796.80","spanish","faf","500348_blockNr_1_taskNr_7_trialNr_20_spanish_recording","f","a","original"
"356","666.70","1119.47","english","poff","500357_blockNr_1_taskNr_6_trialNr_21_english_recording","p","o","original"
"357","592.18","2074.17","french","fuf","500399_blockNr_1_taskNr_3_trialNr_15_french_recording","f","u","original"
"358","663.33","1787.26","french","faf","500399_blockNr_1_taskNr_3_trialNr_17_french_recording","f","schwa","original"
"359","481.17","2118.34","french","puf","500399_blockNr_1_taskNr_3_trialNr_18_french_recording","p","u","original"
"360","649.90","1498.68","french","fof","500399_blockNr_1_taskNr_3_trialNr_19_french_recording","f","o","original"
"361","359.17","3050.00","German","fif","500399_blockNr_1_taskNr_4_trialNr_18_German_recording","f","i","original"
"362","824.48","1183.26","english","foff","500399_blockNr_1_taskNr_7_trialNr_12_english_recording","f","o","original"
"363","412.60","1388.77","english","foof","500399_blockNr_1_taskNr_7_trialNr_7_english_recording","f","u","original"
"364","566.63","1746.26","french","faf","500401_blockNr_1_taskNr_3_trialNr_20_french_recording","f","schwa","original"
"365","768.62","1320.72","spanish","paf","500401_blockNr_1_taskNr_6_trialNr_2_spanish_recording","p","a","original"
"366","663.31","1080.23","spanish","faf","500401_blockNr_1_taskNr_6_trialNr_3_spanish_recording","f","a","original"
"367","352.25","1334.43","english","foof","500401_blockNr_1_taskNr_7_trialNr_6_english_recording","f","u","original"
"368","366.96","1996.31","french","fuf","500402_blockNr_1_taskNr_4_trialNr_24_french_recording","f","u","original"
"369","898.62","1223.29","spanish","pof","500402_blockNr_1_taskNr_7_trialNr_19_spanish_recording","p","o","original"
"370","659.31","1228.96","German","paf","500403_blockNr_1_taskNr_3_trialNr_23_German_recording","p","schwa","original"
"371","467.22","2098.95","french","puf","500403_blockNr_1_taskNr_4_trialNr_15_french_recording","p","u","original"
"372","540.07","1430.17","french","fof","500403_blockNr_1_taskNr_4_trialNr_6_french_recording","f","o","original"
"373","323.45","2168.18","french","fif","500422_blockNr_1_taskNr_3_trialNr_22_french_recording","f","i","original"
"374","396.52","2301.12","spanish","fif","500422_blockNr_1_taskNr_6_trialNr_16_spanish_recording","f","i","original"
"375","992.10","2414.55","spanish","puf","500422_blockNr_1_taskNr_6_trialNr_17_spanish_recording","p","u","original"
"376","662.87","1659.82","spanish","pof","500422_blockNr_1_taskNr_6_trialNr_8_spanish_recording","p","o","original"
"377","572.22","1983.48","spanish","paf","500458_blockNr_1_taskNr_6_trialNr_15_spanish_recording","p","a","original"
"378","567.34","2319.48","spanish","faf","500458_blockNr_1_taskNr_6_trialNr_16_spanish_recording","f","a","original"
"379","491.07","1296.63","spanish","pof","500458_blockNr_1_taskNr_6_trialNr_1_spanish_recording","p","o","original"
"380","795.31","1158.56","english","foff","500458_blockNr_1_taskNr_7_trialNr_15_english_recording","f","o","original"
"381","998.15","2119.57","french","puf","492813_blockNr_1_taskNr_4_trialNr_13_french_recording","p","u","corrected"
"382","313.11","1828.23","english","fuff","492813_blockNr_1_taskNr_6_trialNr_16_english_recording","f","schwa","corrected"
"383","293.82","2029.60","German","puf","492814_blockNr_1_taskNr_4_trialNr_15_German_recording","p","u","corrected"
"384","321.28","1992.25","German","puf","492814_blockNr_1_taskNr_4_trialNr_1_German_recording","p","u","corrected"
"385","381.85","2241.43","english","feef","492814_blockNr_1_taskNr_6_trialNr_12_english_recording","f","i","corrected"
"386","336.41","1800.52","french","fif","492817_blockNr_1_taskNr_4_trialNr_11_french_recording","f","i","corrected"
"387","324.61","1371.88","German","puf","492818_blockNr_1_taskNr_3_trialNr_6_German_recording","p","u","corrected"
"388","288.40","2631.68","french","pif","492818_blockNr_1_taskNr_4_trialNr_12_french_recording","p","i","corrected"
"389","610.88","1316.52","German","paf","492821_blockNr_1_taskNr_4_trialNr_18_German_recording","p","schwa","corrected"
"390","678.88","1376.68","spanish","paf","492821_blockNr_1_taskNr_6_trialNr_12_spanish_recording","p","a","corrected"
"391","632.12","1290.89","spanish","faf","492821_blockNr_1_taskNr_6_trialNr_8_spanish_recording","f","a","corrected"
"392","553.72","894.09","english","foff","492821_blockNr_1_taskNr_7_trialNr_14_english_recording","f","o","corrected"
"393","336.20","1615.25","english","fuff","492821_blockNr_1_taskNr_7_trialNr_17_english_recording","f","schwa","corrected"
"394","342.01","1723.34","english","fuff","492821_blockNr_1_taskNr_7_trialNr_21_english_recording","f","schwa","corrected"
"395","507.44","1081.65","German","fof","492824_blockNr_1_taskNr_3_trialNr_5_German_recording","f","o","corrected"
"396","306.57","2516.42","German","pif","492824_blockNr_1_taskNr_3_trialNr_6_German_recording","p","i","corrected"
"397","396.81","2095.65","french","pif","492824_blockNr_1_taskNr_4_trialNr_7_french_recording","p","i","corrected"
"398","736.81","1304.62","spanish","faf","492824_blockNr_1_taskNr_6_trialNr_12_spanish_recording","f","a","corrected"
"399","761.41","1351.67","spanish","paf","492824_blockNr_1_taskNr_6_trialNr_13_spanish_recording","p","a","corrected"
"400","342.27","725.74","spanish","fuf","492824_blockNr_1_taskNr_6_trialNr_16_spanish_recording","f","u","corrected"
"401","574.33","1406.54","english","puff","492825_blockNr_1_taskNr_7_trialNr_23_english_recording","p","schwa","corrected"
"402","621.22","2375.36","french","pif","492828_blockNr_1_taskNr_3_trialNr_12_french_recording","p","i","corrected"
"403","456.22","1046.04","German","fof","492828_blockNr_1_taskNr_4_trialNr_6_German_recording","f","o","corrected"
"404","291.01","1793.26","German","fuf","492828_blockNr_1_taskNr_4_trialNr_8_German_recording","f","u","corrected"
"405","573.15","2397.37","spanish","pof","492828_blockNr_1_taskNr_6_trialNr_19_spanish_recording","p","o","corrected"
"406","299.47","2295.01","spanish","pif","492828_blockNr_1_taskNr_6_trialNr_20_spanish_recording","p","i","corrected"
"407","486.24","1602.39","french","fof","492835_blockNr_1_taskNr_3_trialNr_24_french_recording","f","o","corrected"
"408","312.40","2007.33","German","fuf","492835_blockNr_1_taskNr_4_trialNr_13_German_recording","f","u","corrected"
"409","341.03","2334.13","spanish","fif","492835_blockNr_1_taskNr_6_trialNr_10_spanish_recording","f","i","corrected"
"410","359.85","876.49","english","foof","492835_blockNr_1_taskNr_7_trialNr_3_english_recording","f","u","corrected"
"411","444.65","851.05","German","fof","492845_blockNr_1_taskNr_3_trialNr_11_German_recording","f","o","corrected"
"412","459.57","956.62","German","pof","492845_blockNr_1_taskNr_3_trialNr_21_German_recording","p","o","corrected"
"413","637.88","1171.20","spanish","faf","492845_blockNr_1_taskNr_6_trialNr_7_spanish_recording","f","a","corrected"
"414","447.51","1541.30","french","puf","492854_blockNr_1_taskNr_3_trialNr_14_french_recording","p","u","corrected"
"415","332.48","2244.97","english","peef","492854_blockNr_1_taskNr_6_trialNr_17_english_recording","p","i","corrected"
"416","330.62","2554.59","German","pif","492856_blockNr_1_taskNr_3_trialNr_20_German_recording","p","i","corrected"
"417","362.33","2176.07","french","fuf","492856_blockNr_1_taskNr_4_trialNr_6_french_recording","f","u","corrected"
"418","422.63","981.41","spanish","puf","492856_blockNr_1_taskNr_6_trialNr_19_spanish_recording","p","u","corrected"
"419","388.76","2363.08","english","peef","492856_blockNr_1_taskNr_7_trialNr_1_english_recording","p","i","corrected"
"420","310.83","2219.19","english","feef","492856_blockNr_1_taskNr_7_trialNr_5_english_recording","f","i","corrected"
"421","675.34","1420.80","french","fof","492864_blockNr_1_taskNr_3_trialNr_5_french_recording","f","o","corrected"
"422","372.43","1063.45","english","poof","492864_blockNr_1_taskNr_6_trialNr_3_english_recording","p","u","corrected"
"423","404.33","1037.65","english","foof","492864_blockNr_1_taskNr_6_trialNr_7_english_recording","f","u","corrected"
"424","809.14","1317.48","spanish","fof","492864_blockNr_1_taskNr_7_trialNr_3_spanish_recording","f","o","corrected"
"425","275.11","2321.38","french","pif","492872_blockNr_1_taskNr_3_trialNr_24_french_recording","p","i","corrected"
"426","570.00","1127.33","english","puff","492872_blockNr_1_taskNr_6_trialNr_13_english_recording","p","schwa","corrected"
"427","589.65","1151.89","spanish","puf","492872_blockNr_1_taskNr_7_trialNr_16_spanish_recording","p","u","corrected"
"428","488.11","1761.45","french","faf","492880_blockNr_1_taskNr_3_trialNr_23_french_recording","f","schwa","corrected"
"429","352.65","1812.94","english","foof","492882_blockNr_1_taskNr_6_trialNr_11_english_recording","f","u","corrected"
"430","478.85","1641.09","spanish","fuf","492882_blockNr_1_taskNr_7_trialNr_3_spanish_recording","f","u","corrected"
"431","610.61","1701.41","french","faf","492909_blockNr_1_taskNr_4_trialNr_2_french_recording","f","schwa","corrected"
"432","471.22","1672.44","spanish","pif","493072_blockNr_1_taskNr_7_trialNr_10_spanish_recording","p","i","corrected"
"433","380.79","2651.38","french","pif","493097_blockNr_1_taskNr_4_trialNr_16_french_recording","p","i","corrected"
"434","807.13","1585.85","spanish","paf","493097_blockNr_1_taskNr_6_trialNr_21_spanish_recording","p","a","corrected"
"435","618.46","2507.05","spanish","pif","493097_blockNr_1_taskNr_6_trialNr_22_spanish_recording","p","i","corrected"
"436","641.99","994.94","spanish","fof","493097_blockNr_1_taskNr_6_trialNr_8_spanish_recording","f","o","corrected"
"437","767.63","1472.89","english","puff","493097_blockNr_1_taskNr_7_trialNr_5_english_recording","p","schwa","corrected"
"438","749.18","1479.23","english","fuff","493097_blockNr_1_taskNr_7_trialNr_7_english_recording","f","schwa","corrected"
"439","811.72","1282.76","German","paf","493151_blockNr_1_taskNr_3_trialNr_17_German_recording","p","schwa","corrected"
"440","327.74","2654.25","english","feef","493151_blockNr_1_taskNr_6_trialNr_8_english_recording","f","i","corrected"
"441","449.00","2415.45","french","fif","493215_blockNr_1_taskNr_3_trialNr_7_french_recording","f","i","corrected"
"442","403.07","2187.38","German","pif","493215_blockNr_1_taskNr_4_trialNr_12_German_recording","p","i","corrected"
"443","498.73","854.39","German","pof","493215_blockNr_1_taskNr_4_trialNr_7_German_recording","p","o","corrected"
"444","332.90","1747.31","french","fuf","493232_blockNr_1_taskNr_3_trialNr_24_french_recording","f","u","corrected"
"445","348.84","2305.47","english","feef","493232_blockNr_1_taskNr_7_trialNr_7_english_recording","f","i","corrected"
"446","411.13","1822.43","German","fif","493272_blockNr_1_taskNr_4_trialNr_1_German_recording","f","i","corrected"
"447","398.60","1581.20","German","pif","493272_blockNr_1_taskNr_4_trialNr_24_German_recording","p","i","corrected"
"448","452.61","2034.05","German","fuf","493272_blockNr_1_taskNr_4_trialNr_5_German_recording","f","u","corrected"
"449","714.33","1434.02","German","faf","493272_blockNr_1_taskNr_4_trialNr_8_German_recording","f","schwa","corrected"
"450","461.49","2271.69","spanish","fif","493272_blockNr_1_taskNr_6_trialNr_3_spanish_recording","f","i","corrected"
"451","677.83","2113.46","spanish","puf","493275_blockNr_1_taskNr_6_trialNr_17_spanish_recording","p","u","corrected"
"452","2204.31","2969.35","english","feef","493275_blockNr_1_taskNr_7_trialNr_1_english_recording","f","i","corrected"
"453","321.85","1869.85","french","pif","493278_blockNr_1_taskNr_4_trialNr_10_french_recording","p","i","corrected"
"454","432.08","955.86","spanish","puf","493297_blockNr_1_taskNr_6_trialNr_20_spanish_recording","p","u","corrected"
"455","424.82","926.34","english","foof","493297_blockNr_1_taskNr_7_trialNr_18_english_recording","f","u","corrected"
"456","679.28","1198.66","spanish","faf","493310_blockNr_1_taskNr_7_trialNr_2_spanish_recording","f","a","corrected"
"457","476.92","1139.28","french","pof","493414_blockNr_1_taskNr_4_trialNr_18_french_recording","p","o","corrected"
"458","378.06","904.43","english","foof","493414_blockNr_1_taskNr_7_trialNr_10_english_recording","f","u","corrected"
"459","500.25","1747.63","German","puf","493445_blockNr_1_taskNr_4_trialNr_13_German_recording","p","u","corrected"
"460","475.09","2292.31","German","pif","493445_blockNr_1_taskNr_4_trialNr_15_German_recording","p","i","corrected"
"461","484.38","2411.67","spanish","fif","493445_blockNr_1_taskNr_7_trialNr_10_spanish_recording","f","i","corrected"
"462","757.60","1010.30","spanish","fof","493445_blockNr_1_taskNr_7_trialNr_18_spanish_recording","f","o","corrected"
"463","686.91","1270.12","German","faf","493447_blockNr_1_taskNr_3_trialNr_12_German_recording","f","schwa","corrected"
"464","345.48","2571.30","German","fif","493447_blockNr_1_taskNr_3_trialNr_5_German_recording","f","i","corrected"
"465","409.99","862.32","english","fuff","493453_blockNr_1_taskNr_6_trialNr_6_english_recording","f","schwa","corrected"
"466","904.27","1183.67","spanish","paf","493453_blockNr_1_taskNr_7_trialNr_7_spanish_recording","p","a","corrected"
"467","382.37","2710.76","German","fif","493454_blockNr_1_taskNr_4_trialNr_13_German_recording","f","i","corrected"
"468","647.92","1180.66","english","foff","493454_blockNr_1_taskNr_6_trialNr_11_english_recording","f","o","corrected"
"469","482.17","1006.47","english","fuff","493454_blockNr_1_taskNr_6_trialNr_9_english_recording","f","schwa","corrected"
"470","373.46","2308.99","German","fif","493488_blockNr_1_taskNr_3_trialNr_6_German_recording","f","i","corrected"
"471","352.54","1189.97","German","fuf","493499_blockNr_1_taskNr_4_trialNr_3_German_recording","f","u","corrected"
"472","784.98","1231.73","German","paf","493522_blockNr_1_taskNr_4_trialNr_12_German_recording","p","schwa","corrected"
"473","309.66","2613.61","english","feef","493522_blockNr_1_taskNr_6_trialNr_18_english_recording","f","i","corrected"
"474","480.09","787.55","German","pof","493817_blockNr_1_taskNr_3_trialNr_5_German_recording","p","o","corrected"
"475","392.80","755.56","english","puff","493817_blockNr_1_taskNr_7_trialNr_8_english_recording","p","schwa","corrected"
"476","325.56","2271.90","english","peef","493817_blockNr_1_taskNr_7_trialNr_9_english_recording","p","i","corrected"
"477","798.78","1396.00","German","faf","493828_blockNr_1_taskNr_4_trialNr_7_German_recording","f","schwa","corrected"
"478","401.13","2474.03","english","feef","493828_blockNr_1_taskNr_6_trialNr_23_english_recording","f","i","corrected"
"479","407.26","2606.19","english","feef","493860_blockNr_1_taskNr_6_trialNr_12_english_recording","f","i","corrected"
"480","412.33","1169.85","German","fuf","494162_blockNr_1_taskNr_3_trialNr_11_German_recording","f","u","corrected"
"481","403.57","775.66","spanish","puf","494162_blockNr_1_taskNr_6_trialNr_20_spanish_recording","p","u","corrected"
"482","654.70","958.40","english","foff","494162_blockNr_1_taskNr_7_trialNr_13_english_recording","f","o","corrected"
"483","502.25","2434.77","french","fif","494205_blockNr_1_taskNr_3_trialNr_8_french_recording","f","i","corrected"
"484","439.08","1289.30","english","puff","494216_blockNr_1_taskNr_6_trialNr_14_english_recording","p","schwa","corrected"
"485","263.01","2500.18","english","feef","494216_blockNr_1_taskNr_6_trialNr_16_english_recording","f","i","corrected"
"486","283.07","2501.88","french","pif","499438_blockNr_1_taskNr_3_trialNr_24_french_recording","p","i","corrected"
"487","550.66","1246.11","french","paf","499438_blockNr_1_taskNr_3_trialNr_3_french_recording","p","schwa","corrected"
"488","508.67","2233.77","German","pif","499438_blockNr_1_taskNr_4_trialNr_23_German_recording","p","i","corrected"
"489","330.32","1974.78","German","pif","499438_blockNr_1_taskNr_4_trialNr_4_German_recording","p","i","corrected"
"490","385.05","888.51","German","pof","499438_blockNr_1_taskNr_4_trialNr_7_German_recording","p","o","corrected"
"491","374.84","835.21","english","foof","499438_blockNr_1_taskNr_6_trialNr_12_english_recording","f","u","corrected"
"492","684.53","999.62","english","foff","499438_blockNr_1_taskNr_6_trialNr_23_english_recording","f","o","corrected"
"493","688.50","2284.46","spanish","fuf","499438_blockNr_1_taskNr_7_trialNr_19_spanish_recording","f","u","corrected"
"494","381.06","1900.79","German","fuf","499441_blockNr_1_taskNr_4_trialNr_14_German_recording","f","u","corrected"
"495","394.55","2218.18","spanish","fif","499441_blockNr_1_taskNr_6_trialNr_14_spanish_recording","f","i","corrected"
"496","723.51","1329.83","english","puff","499441_blockNr_1_taskNr_7_trialNr_2_english_recording","p","schwa","corrected"
"497","388.67","831.26","German","fof","499444_blockNr_1_taskNr_3_trialNr_1_German_recording","f","o","corrected"
"498","344.39","1557.42","french","fuf","499444_blockNr_1_taskNr_4_trialNr_17_french_recording","f","u","corrected"
"499","803.68","1303.29","German","faf","499451_blockNr_1_taskNr_3_trialNr_9_German_recording","f","schwa","corrected"
"500","342.76","1564.33","German","fuf","499454_blockNr_1_taskNr_4_trialNr_22_German_recording","f","u","corrected"
"501","308.68","2145.08","english","peef","499454_blockNr_1_taskNr_6_trialNr_7_english_recording","p","i","corrected"
"502","398.97","931.27","spanish","puf","499454_blockNr_1_taskNr_7_trialNr_19_spanish_recording","p","u","corrected"
"503","547.86","1030.20","english","fuff","499456_blockNr_1_taskNr_7_trialNr_14_english_recording","f","schwa","corrected"
"504","627.31","1217.87","German","faf","499458_blockNr_1_taskNr_4_trialNr_1_German_recording","f","schwa","corrected"
"505","642.91","1247.82","German","faf","499458_blockNr_1_taskNr_4_trialNr_3_German_recording","f","schwa","corrected"
"506","589.22","872.09","english","puff","499458_blockNr_1_taskNr_6_trialNr_16_english_recording","p","schwa","corrected"
"507","541.66","938.79","spanish","fof","499458_blockNr_1_taskNr_7_trialNr_14_spanish_recording","f","o","corrected"
"508","338.89","2101.87","German","fif","499461_blockNr_1_taskNr_4_trialNr_10_German_recording","f","i","corrected"
"509","283.00","2058.44","German","pif","499461_blockNr_1_taskNr_4_trialNr_6_German_recording","p","i","corrected"
"510","335.04","1601.24","spanish","fuf","499461_blockNr_1_taskNr_6_trialNr_4_spanish_recording","f","u","corrected"
"511","421.91","1057.49","spanish","faf","499461_blockNr_1_taskNr_6_trialNr_8_spanish_recording","f","a","corrected"
"512","364.78","1841.16","German","fuf","499467_blockNr_1_taskNr_3_trialNr_19_German_recording","f","u","corrected"
"513","424.11","1929.98","french","fuf","499467_blockNr_1_taskNr_4_trialNr_21_french_recording","f","u","corrected"
"514","391.37","2498.29","french","pif","499467_blockNr_1_taskNr_4_trialNr_4_french_recording","p","i","corrected"
"515","598.90","1436.39","spanish","pif","499468_blockNr_1_taskNr_6_trialNr_17_spanish_recording","p","i","corrected"
"516","715.12","1362.36","spanish","paf","499468_blockNr_1_taskNr_6_trialNr_2_spanish_recording","p","a","corrected"
"517","685.18","1222.95","spanish","faf","499468_blockNr_1_taskNr_6_trialNr_3_spanish_recording","f","a","corrected"
"518","336.34","1942.44","english","peef","499468_blockNr_1_taskNr_7_trialNr_16_english_recording","p","i","corrected"
"519","598.42","1723.07","french","pof","499470_blockNr_1_taskNr_4_trialNr_2_french_recording","p","o","corrected"
"520","393.70","2654.07","spanish","fif","499470_blockNr_1_taskNr_6_trialNr_1_spanish_recording","f","i","corrected"
"521","459.43","892.54","english","fuff","499470_blockNr_1_taskNr_7_trialNr_12_english_recording","f","schwa","corrected"
"522","736.54","2186.97","spanish","pof","499473_blockNr_1_taskNr_7_trialNr_10_spanish_recording","p","o","corrected"
"523","640.48","2189.35","German","pif","499474_blockNr_1_taskNr_3_trialNr_20_German_recording","p","i","corrected"
"524","478.66","2114.35","German","fif","499474_blockNr_1_taskNr_3_trialNr_22_German_recording","f","i","corrected"
"525","761.94","1755.40","french","faf","499474_blockNr_1_taskNr_4_trialNr_1_french_recording","f","schwa","corrected"
"526","705.66","1163.71","english","foff","499474_blockNr_1_taskNr_6_trialNr_9_english_recording","f","o","corrected"
"527","706.76","1508.73","spanish","puf","499474_blockNr_1_taskNr_7_trialNr_19_spanish_recording","p","u","corrected"
"528","403.57","1120.92","German","fof","499475_blockNr_1_taskNr_3_trialNr_11_German_recording","f","o","corrected"
"529","319.66","1888.66","German","fuf","499475_blockNr_1_taskNr_3_trialNr_5_German_recording","f","u","corrected"
"530","773.87","1312.04","english","foof","499475_blockNr_1_taskNr_6_trialNr_11_english_recording","f","u","corrected"
"531","501.53","1332.91","french","pof","499477_blockNr_1_taskNr_3_trialNr_9_french_recording","p","o","corrected"
"532","440.85","885.62","German","fof","499477_blockNr_1_taskNr_4_trialNr_2_German_recording","f","o","corrected"
"533","1020.70","2022.98","french","fuf","499480_blockNr_1_taskNr_3_trialNr_7_french_recording","f","u","corrected"
"534","354.64","978.92","German","pof","499480_blockNr_1_taskNr_4_trialNr_24_German_recording","p","o","corrected"
"535","438.91","2058.46","english","feef","499480_blockNr_1_taskNr_6_trialNr_3_english_recording","f","i","corrected"
"536","375.94","747.87","spanish","fuf","499480_blockNr_1_taskNr_7_trialNr_15_spanish_recording","f","u","corrected"
"537","773.27","1216.49","German","faf","499483_blockNr_1_taskNr_4_trialNr_18_German_recording","f","schwa","corrected"
"538","661.31","1111.26","German","faf","499483_blockNr_1_taskNr_4_trialNr_2_German_recording","f","schwa","corrected"
"539","292.14","2164.07","spanish","pif","499483_blockNr_1_taskNr_7_trialNr_15_spanish_recording","p","i","corrected"
"540","864.84","1612.09","German","faf","499488_blockNr_1_taskNr_3_trialNr_15_German_recording","f","schwa","corrected"
"541","999.01","2026.49","french","fuf","499488_blockNr_1_taskNr_4_trialNr_3_french_recording","f","u","corrected"
"542","327.36","1324.62","spanish","pof","499488_blockNr_1_taskNr_6_trialNr_4_spanish_recording","p","o","corrected"
"543","421.09","2642.87","english","feef","499488_blockNr_1_taskNr_7_trialNr_13_english_recording","f","i","corrected"
"544","588.09","1577.41","english","fuff","499488_blockNr_1_taskNr_7_trialNr_17_english_recording","f","schwa","corrected"
"545","472.16","1493.14","english","foff","499488_blockNr_1_taskNr_7_trialNr_2_english_recording","f","o","corrected"
"546","408.02","2412.42","french","fif","499489_blockNr_1_taskNr_4_trialNr_2_french_recording","f","i","corrected"
"547","914.12","1292.73","english","puff","499497_blockNr_1_taskNr_6_trialNr_10_english_recording","p","schwa","corrected"
"548","660.56","1145.82","spanish","pof","499497_blockNr_1_taskNr_7_trialNr_10_spanish_recording","p","o","corrected"
"549","626.35","1248.81","french","fof","499504_blockNr_1_taskNr_4_trialNr_18_french_recording","f","o","corrected"
"550","793.04","1325.37","spanish","paf","499504_blockNr_1_taskNr_6_trialNr_6_spanish_recording","p","a","corrected"
"551","635.54","1627.01","french","faf","499507_blockNr_1_taskNr_3_trialNr_10_french_recording","f","schwa","corrected"
"552","802.69","1208.59","German","faf","499507_blockNr_1_taskNr_4_trialNr_21_German_recording","f","schwa","corrected"
"553","361.46","2303.13","english","peef","499507_blockNr_1_taskNr_7_trialNr_16_english_recording","p","i","corrected"
"554","507.90","1278.37","english","poof","499507_blockNr_1_taskNr_7_trialNr_7_english_recording","p","u","corrected"
"555","460.01","858.15","German","faf","499511_blockNr_1_taskNr_3_trialNr_2_German_recording","f","schwa","corrected"
"556","311.08","2368.68","french","fif","499511_blockNr_1_taskNr_4_trialNr_3_french_recording","f","i","corrected"
"557","628.47","1234.43","english","foff","499511_blockNr_1_taskNr_6_trialNr_6_english_recording","f","o","corrected"
"558","318.75","2447.51","spanish","pif","499511_blockNr_1_taskNr_7_trialNr_23_spanish_recording","p","i","corrected"
"559","744.59","1342.82","spanish","faf","499511_blockNr_1_taskNr_7_trialNr_7_spanish_recording","f","a","corrected"
"560","353.75","2352.53","spanish","pif","499511_blockNr_1_taskNr_7_trialNr_8_spanish_recording","p","i","corrected"
"561","856.45","1484.29","German","paf","499512_blockNr_1_taskNr_4_trialNr_2_German_recording","p","schwa","corrected"
"562","716.47","988.27","english","fuff","499512_blockNr_1_taskNr_7_trialNr_2_english_recording","f","schwa","corrected"
"563","394.56","969.24","German","pof","499514_blockNr_1_taskNr_4_trialNr_16_German_recording","p","o","corrected"
"564","744.80","1550.74","German","paf","499514_blockNr_1_taskNr_4_trialNr_18_German_recording","p","schwa","corrected"
"565","498.20","1224.18","french","faf","499515_blockNr_1_taskNr_4_trialNr_5_french_recording","f","schwa","corrected"
"566","460.99","1103.36","french","fof","499515_blockNr_1_taskNr_4_trialNr_6_french_recording","f","o","corrected"
"567","321.15","2240.27","spanish","pif","499515_blockNr_1_taskNr_6_trialNr_7_spanish_recording","p","i","corrected"
"568","388.41","996.13","english","foff","499515_blockNr_1_taskNr_7_trialNr_2_english_recording","f","o","corrected"
"569","417.40","1045.14","english","puff","499515_blockNr_1_taskNr_7_trialNr_3_english_recording","p","schwa","corrected"
"570","657.94","1700.00","German","fuf","499516_blockNr_1_taskNr_3_trialNr_1_German_recording","f","u","corrected"
"571","331.62","2512.42","english","feef","499516_blockNr_1_taskNr_6_trialNr_21_english_recording","f","i","corrected"
"572","744.11","1345.26","english","foff","499516_blockNr_1_taskNr_6_trialNr_3_english_recording","f","o","corrected"
"573","331.25","1075.86","english","poof","499516_blockNr_1_taskNr_6_trialNr_7_english_recording","p","u","corrected"
"574","788.57","1564.08","english","fuff","499516_blockNr_1_taskNr_6_trialNr_9_english_recording","f","schwa","corrected"
"575","713.36","1336.58","spanish","pof","499516_blockNr_1_taskNr_7_trialNr_22_spanish_recording","p","o","corrected"
"576","329.96","2921.81","German","pif","499525_blockNr_1_taskNr_4_trialNr_6_German_recording","p","i","corrected"
"577","366.22","850.31","spanish","fuf","499525_blockNr_1_taskNr_7_trialNr_2_spanish_recording","f","u","corrected"
"578","428.41","2070.03","German","fuf","499527_blockNr_1_taskNr_4_trialNr_16_German_recording","f","u","corrected"
"579","585.37","1217.63","spanish","fof","499527_blockNr_1_taskNr_6_trialNr_5_spanish_recording","f","o","corrected"
"580","306.95","1202.76","German","puf","499532_blockNr_1_taskNr_4_trialNr_12_German_recording","p","u","corrected"
"581","952.51","1488.48","German","faf","499532_blockNr_1_taskNr_4_trialNr_4_German_recording","f","schwa","corrected"
"582","502.36","873.86","German","fof","499532_blockNr_1_taskNr_4_trialNr_9_German_recording","f","o","corrected"
"583","773.79","1424.22","spanish","paf","499532_blockNr_1_taskNr_7_trialNr_3_spanish_recording","p","a","corrected"
"584","375.35","1964.97","french","pif","499536_blockNr_1_taskNr_4_trialNr_18_french_recording","p","i","corrected"
"585","377.33","921.45","spanish","fuf","499536_blockNr_1_taskNr_7_trialNr_3_spanish_recording","f","u","corrected"
"586","390.10","970.66","french","fof","499542_blockNr_1_taskNr_4_trialNr_9_french_recording","f","o","corrected"
"587","787.01","1464.24","spanish","paf","499542_blockNr_1_taskNr_6_trialNr_16_spanish_recording","p","a","corrected"
"588","450.25","973.61","spanish","puf","499542_blockNr_1_taskNr_6_trialNr_20_spanish_recording","p","u","corrected"
"589","460.86","1693.32","french","faf","499553_blockNr_1_taskNr_3_trialNr_15_french_recording","f","schwa","corrected"
"590","557.49","1099.93","french","pof","499553_blockNr_1_taskNr_3_trialNr_5_french_recording","p","o","corrected"
"591","461.92","1047.98","German","pof","499553_blockNr_1_taskNr_4_trialNr_11_German_recording","p","o","corrected"
"592","317.19","2126.47","German","pif","499553_blockNr_1_taskNr_4_trialNr_21_German_recording","p","i","corrected"
"593","628.85","1074.37","english","foff","499557_blockNr_1_taskNr_6_trialNr_17_english_recording","f","o","corrected"
"594","584.05","1297.22","french","pof","499561_blockNr_1_taskNr_4_trialNr_2_french_recording","p","o","corrected"
"595","348.89","831.87","German","fof","499567_blockNr_1_taskNr_3_trialNr_3_German_recording","f","o","corrected"
"596","767.75","1023.71","french","faf","499567_blockNr_1_taskNr_4_trialNr_20_french_recording","f","schwa","corrected"
"597","550.31","1021.45","spanish","fuf","499567_blockNr_1_taskNr_6_trialNr_7_spanish_recording","f","u","corrected"
"598","487.75","2778.39","french","pif","499570_blockNr_1_taskNr_3_trialNr_24_french_recording","p","i","corrected"
"599","490.52","2048.56","french","pif","499570_blockNr_1_taskNr_3_trialNr_2_french_recording","p","i","corrected"
"600","464.54","2891.63","french","fif","499570_blockNr_1_taskNr_3_trialNr_6_french_recording","f","i","corrected"
"601","372.49","2503.13","German","pif","499574_blockNr_1_taskNr_3_trialNr_17_German_recording","p","i","corrected"
"602","707.43","1661.11","french","faf","499574_blockNr_1_taskNr_4_trialNr_20_french_recording","f","schwa","corrected"
"603","457.91","2451.32","spanish","fif","499574_blockNr_1_taskNr_7_trialNr_21_spanish_recording","f","i","corrected"
"604","411.61","1995.25","french","fif","499595_blockNr_1_taskNr_3_trialNr_11_french_recording","f","i","corrected"
"605","310.69","1805.62","German","fuf","499595_blockNr_1_taskNr_4_trialNr_7_German_recording","f","u","corrected"
"606","328.95","1714.16","english","foof","499595_blockNr_1_taskNr_7_trialNr_10_english_recording","f","u","corrected"
"607","392.15","1646.19","english","puff","499595_blockNr_1_taskNr_7_trialNr_9_english_recording","p","schwa","corrected"
"608","319.88","2738.42","french","pif","500068_blockNr_1_taskNr_3_trialNr_22_french_recording","p","i","corrected"
"609","817.65","1510.56","German","paf","500068_blockNr_1_taskNr_4_trialNr_9_German_recording","p","schwa","corrected"
"610","890.41","1696.98","spanish","paf","500068_blockNr_1_taskNr_6_trialNr_15_spanish_recording","p","a","corrected"
"611","851.64","1844.05","spanish","faf","500068_blockNr_1_taskNr_6_trialNr_7_spanish_recording","f","a","corrected"
"612","288.34","2566.11","German","fif","500081_blockNr_1_taskNr_3_trialNr_6_German_recording","f","i","corrected"
"613","950.90","1509.36","spanish","paf","500081_blockNr_1_taskNr_6_trialNr_9_spanish_recording","p","a","corrected"
"614","367.34","1957.77","German","puf","500100_blockNr_1_taskNr_3_trialNr_18_German_recording","p","u","corrected"
"615","894.47","1223.15","english","poff","500100_blockNr_1_taskNr_7_trialNr_23_english_recording","p","o","corrected"
"616","633.05","1181.86","french","pof","500111_blockNr_1_taskNr_3_trialNr_22_french_recording","p","o","corrected"
"617","620.76","1128.43","french","pof","500111_blockNr_1_taskNr_3_trialNr_3_french_recording","p","o","corrected"
"618","850.82","1229.30","German","faf","500111_blockNr_1_taskNr_4_trialNr_16_German_recording","f","schwa","corrected"
"619","317.35","2379.54","German","fif","500111_blockNr_1_taskNr_4_trialNr_2_German_recording","f","i","corrected"
"620","715.25","960.25","english","puff","500111_blockNr_1_taskNr_7_trialNr_11_english_recording","p","schwa","corrected"
"621","402.66","832.31","english","poof","500111_blockNr_1_taskNr_7_trialNr_7_english_recording","p","u","corrected"
"622","364.73","2988.84","German","fif","500120_blockNr_1_taskNr_3_trialNr_12_German_recording","f","i","corrected"
"623","381.39","2830.02","German","pif","500120_blockNr_1_taskNr_3_trialNr_18_German_recording","p","i","corrected"
"624","371.85","2131.00","German","puf","500120_blockNr_1_taskNr_3_trialNr_3_German_recording","p","u","corrected"
"625","348.81","3108.71","english","peef","500120_blockNr_1_taskNr_6_trialNr_7_english_recording","p","i","corrected"
"626","416.03","1524.44","english","foof","500120_blockNr_1_taskNr_6_trialNr_9_english_recording","f","u","corrected"
"627","471.73","849.00","spanish","pof","500120_blockNr_1_taskNr_7_trialNr_3_spanish_recording","p","o","corrected"
"628","318.49","1839.64","German","puf","500137_blockNr_1_taskNr_4_trialNr_11_German_recording","p","u","corrected"
"629","720.33","2636.84","German","fif","500137_blockNr_1_taskNr_4_trialNr_21_German_recording","f","i","corrected"
"630","377.83","866.74","spanish","puf","500137_blockNr_1_taskNr_6_trialNr_17_spanish_recording","p","u","corrected"
"631","446.12","1533.82","french","puf","500141_blockNr_1_taskNr_3_trialNr_21_french_recording","p","u","corrected"
"632","460.09","1347.32","english","poof","500141_blockNr_1_taskNr_6_trialNr_14_english_recording","p","u","corrected"
"633","686.33","1296.96","english","fuff","500141_blockNr_1_taskNr_6_trialNr_15_english_recording","f","schwa","corrected"
"634","425.82","2664.45","english","feef","500141_blockNr_1_taskNr_6_trialNr_4_english_recording","f","i","corrected"
"635","906.05","1728.31","spanish","faf","500151_blockNr_1_taskNr_7_trialNr_3_spanish_recording","f","a","corrected"
"636","297.13","2508.58","french","fif","500157_blockNr_1_taskNr_3_trialNr_23_french_recording","f","i","corrected"
"637","537.94","1586.37","spanish","faf","500179_blockNr_1_taskNr_6_trialNr_22_spanish_recording","f","a","corrected"
"638","378.91","1312.13","english","puff","500179_blockNr_1_taskNr_7_trialNr_17_english_recording","p","schwa","corrected"
"639","482.90","1251.03","spanish","fof","500181_blockNr_1_taskNr_6_trialNr_16_spanish_recording","f","o","corrected"
"640","390.08","2763.47","spanish","pif","500181_blockNr_1_taskNr_6_trialNr_21_spanish_recording","p","i","corrected"
"641","407.65","2718.66","spanish","fif","500181_blockNr_1_taskNr_6_trialNr_22_spanish_recording","f","i","corrected"
"642","401.82","2042.86","french","fuf","500187_blockNr_1_taskNr_4_trialNr_2_french_recording","f","u","corrected"
"643","567.41","971.91","spanish","fuf","500187_blockNr_1_taskNr_6_trialNr_10_spanish_recording","f","u","corrected"
"644","701.97","1417.38","German","faf","500188_blockNr_1_taskNr_3_trialNr_17_German_recording","f","schwa","corrected"
"645","678.30","1016.61","German","faf","500188_blockNr_1_taskNr_3_trialNr_22_German_recording","f","schwa","corrected"
"646","493.07","2277.01","french","fuf","500188_blockNr_1_taskNr_4_trialNr_19_french_recording","f","u","corrected"
"647","624.08","1186.91","french","fof","500188_blockNr_1_taskNr_4_trialNr_9_french_recording","f","o","corrected"
"648","704.89","1025.18","english","foff","500188_blockNr_1_taskNr_6_trialNr_9_english_recording","f","o","corrected"
"649","819.73","1411.33","spanish","puf","500188_blockNr_1_taskNr_7_trialNr_17_spanish_recording","p","u","corrected"
"650","419.93","1760.91","french","puf","500205_blockNr_1_taskNr_3_trialNr_14_french_recording","p","u","corrected"
"651","755.87","1130.46","spanish","fof","500205_blockNr_1_taskNr_6_trialNr_11_spanish_recording","f","o","corrected"
"652","615.02","1763.61","french","paf","500213_blockNr_1_taskNr_3_trialNr_14_french_recording","p","schwa","corrected"
"653","683.89","1300.60","German","faf","500213_blockNr_1_taskNr_4_trialNr_13_German_recording","f","schwa","corrected"
"654","713.34","1394.95","english","fuff","500213_blockNr_1_taskNr_6_trialNr_7_english_recording","f","schwa","corrected"
"655","363.16","2553.96","German","pif","500216_blockNr_1_taskNr_4_trialNr_22_German_recording","p","i","corrected"
"656","428.28","1043.23","German","fuf","500216_blockNr_1_taskNr_4_trialNr_6_German_recording","f","u","corrected"
"657","405.05","2517.91","spanish","fif","500216_blockNr_1_taskNr_6_trialNr_16_spanish_recording","f","i","corrected"
"658","454.31","1112.01","english","poof","500216_blockNr_1_taskNr_7_trialNr_4_english_recording","p","u","corrected"
"659","507.86","1282.59","french","fof","500221_blockNr_1_taskNr_3_trialNr_4_french_recording","f","o","corrected"
"660","698.21","1306.95","German","faf","500221_blockNr_1_taskNr_4_trialNr_14_German_recording","f","schwa","corrected"
"661","756.72","1614.06","spanish","faf","500221_blockNr_1_taskNr_7_trialNr_13_spanish_recording","f","a","corrected"
"662","341.39","2534.00","spanish","pif","500221_blockNr_1_taskNr_7_trialNr_6_spanish_recording","p","i","corrected"
"663","437.93","2053.65","french","puf","500223_blockNr_1_taskNr_3_trialNr_2_french_recording","p","u","corrected"
"664","399.23","773.50","German","fof","500223_blockNr_1_taskNr_4_trialNr_23_German_recording","f","o","corrected"
"665","761.41","1265.78","english","fuff","500223_blockNr_1_taskNr_6_trialNr_6_english_recording","f","schwa","corrected"
"666","377.78","2901.59","German","pif","500225_blockNr_1_taskNr_3_trialNr_1_German_recording","p","i","corrected"
"667","410.68","1087.11","spanish","fuf","500225_blockNr_1_taskNr_6_trialNr_14_spanish_recording","f","u","corrected"
"668","389.77","2829.53","english","feef","500225_blockNr_1_taskNr_7_trialNr_23_english_recording","f","i","corrected"
"669","416.43","1409.21","english","poof","500231_blockNr_1_taskNr_6_trialNr_10_english_recording","p","u","corrected"
"670","877.12","1173.65","english","fuff","500233_blockNr_1_taskNr_6_trialNr_20_english_recording","f","schwa","corrected"
"671","1369.25","2515.10","english","feef","500233_blockNr_1_taskNr_6_trialNr_6_english_recording","f","i","corrected"
"672","804.84","2276.96","english","poff","500233_blockNr_1_taskNr_6_trialNr_7_english_recording","p","o","corrected"
"673","278.54","2239.94","french","pif","500244_blockNr_1_taskNr_3_trialNr_18_french_recording","p","i","corrected"
"674","363.32","1770.25","German","fuf","500244_blockNr_1_taskNr_4_trialNr_13_German_recording","f","u","corrected"
"675","304.66","1604.05","German","fuf","500244_blockNr_1_taskNr_4_trialNr_18_German_recording","f","u","corrected"
"676","578.11","1180.58","english","puff","500244_blockNr_1_taskNr_6_trialNr_2_english_recording","p","schwa","corrected"
"677","305.97","2155.41","spanish","fif","500244_blockNr_1_taskNr_7_trialNr_9_spanish_recording","f","i","corrected"
"678","409.56","1552.19","German","fuf","500247_blockNr_1_taskNr_3_trialNr_16_German_recording","f","u","corrected"
"679","611.55","1180.44","spanish","fof","500247_blockNr_1_taskNr_7_trialNr_1_spanish_recording","f","o","corrected"
"680","819.58","1454.53","spanish","fof","500247_blockNr_1_taskNr_7_trialNr_23_spanish_recording","f","o","corrected"
"681","370.46","2180.56","German","pif","500260_blockNr_1_taskNr_3_trialNr_10_German_recording","p","i","corrected"
"682","372.19","2058.68","french","fif","500260_blockNr_1_taskNr_4_trialNr_7_french_recording","f","i","corrected"
"683","403.21","982.95","German","pof","500263_blockNr_1_taskNr_3_trialNr_2_German_recording","p","o","corrected"
"684","818.77","1655.34","french","faf","500263_blockNr_1_taskNr_4_trialNr_13_french_recording","f","schwa","corrected"
"685","360.63","2615.84","french","pif","500263_blockNr_1_taskNr_4_trialNr_9_french_recording","p","i","corrected"
"686","997.02","1620.12","english","puff","500263_blockNr_1_taskNr_7_trialNr_12_english_recording","p","schwa","corrected"
"687","599.50","2507.91","German","pif","500265_blockNr_1_taskNr_3_trialNr_19_German_recording","p","i","corrected"
"688","329.39","2330.89","spanish","pif","500265_blockNr_1_taskNr_6_trialNr_19_spanish_recording","p","i","corrected"
"689","274.26","2135.82","spanish","pif","500265_blockNr_1_taskNr_6_trialNr_24_spanish_recording","p","i","corrected"
"690","378.10","2395.47","french","pif","500268_blockNr_1_taskNr_3_trialNr_5_french_recording","p","i","corrected"
"691","329.37","2635.80","German","fif","500268_blockNr_1_taskNr_4_trialNr_13_German_recording","f","i","corrected"
"692","398.32","2522.56","German","pif","500268_blockNr_1_taskNr_4_trialNr_17_German_recording","p","i","corrected"
"693","760.24","1438.00","German","faf","500268_blockNr_1_taskNr_4_trialNr_2_German_recording","f","schwa","corrected"
"694","418.17","1274.97","english","poof","500268_blockNr_1_taskNr_6_trialNr_10_english_recording","p","u","corrected"
"695","493.57","1813.89","french","pif","500271_blockNr_1_taskNr_3_trialNr_4_french_recording","p","i","corrected"
"696","268.30","968.17","German","fof","500271_blockNr_1_taskNr_4_trialNr_21_German_recording","f","o","corrected"
"697","670.66","1214.01","spanish","fuf","500271_blockNr_1_taskNr_6_trialNr_24_spanish_recording","f","u","corrected"
"698","771.85","1686.60","spanish","paf","500271_blockNr_1_taskNr_6_trialNr_3_spanish_recording","p","a","corrected"
"699","256.14","1349.22","english","foof","500271_blockNr_1_taskNr_7_trialNr_6_english_recording","f","u","corrected"
"700","552.29","1125.13","english","fuff","500283_blockNr_1_taskNr_6_trialNr_18_english_recording","f","schwa","corrected"
"701","770.91","1148.71","spanish","fof","500283_blockNr_1_taskNr_7_trialNr_24_spanish_recording","f","o","corrected"
"702","417.08","2699.14","french","pif","500287_blockNr_1_taskNr_3_trialNr_10_french_recording","p","i","corrected"
"703","588.76","1279.61","english","poof","500287_blockNr_1_taskNr_6_trialNr_17_english_recording","p","u","corrected"
"704","872.85","1327.74","spanish","pof","500287_blockNr_1_taskNr_7_trialNr_11_spanish_recording","p","o","corrected"
"705","427.91","2294.10","french","pif","500296_blockNr_1_taskNr_3_trialNr_6_french_recording","p","i","corrected"
"706","486.65","1597.00","french","pof","500296_blockNr_1_taskNr_3_trialNr_8_french_recording","p","o","corrected"
"707","355.09","2779.15","German","fif","500296_blockNr_1_taskNr_4_trialNr_24_German_recording","f","i","corrected"
"708","521.97","2732.44","french","fif","500298_blockNr_1_taskNr_4_trialNr_13_french_recording","f","i","corrected"
"709","449.19","1390.92","french","fof","500301_blockNr_1_taskNr_3_trialNr_3_french_recording","f","o","corrected"
"710","376.75","858.14","German","pof","500301_blockNr_1_taskNr_4_trialNr_23_German_recording","p","o","corrected"
"711","570.88","1104.57","spanish","pof","500301_blockNr_1_taskNr_6_trialNr_18_spanish_recording","p","o","corrected"
"712","340.32","2194.59","english","peef","500301_blockNr_1_taskNr_7_trialNr_11_english_recording","p","i","corrected"
"713","768.35","1129.64","english","foff","500301_blockNr_1_taskNr_7_trialNr_18_english_recording","f","o","corrected"
"714","497.95","1527.64","english","foof","500310_blockNr_1_taskNr_6_trialNr_15_english_recording","f","u","corrected"
"715","833.21","1555.57","english","fuff","500310_blockNr_1_taskNr_6_trialNr_20_english_recording","f","schwa","corrected"
"716","315.68","1512.15","German","puf","500315_blockNr_1_taskNr_4_trialNr_11_German_recording","p","u","corrected"
"717","348.74","1697.42","German","fuf","500315_blockNr_1_taskNr_4_trialNr_22_German_recording","f","u","corrected"
"718","379.13","1115.86","German","fof","500315_blockNr_1_taskNr_4_trialNr_6_German_recording","f","o","corrected"
"719","479.51","1860.23","spanish","fif","500315_blockNr_1_taskNr_6_trialNr_12_spanish_recording","f","i","corrected"
"720","601.92","1419.15","english","foof","500315_blockNr_1_taskNr_7_trialNr_7_english_recording","f","u","corrected"
"721","406.55","1852.31","french","fif","500320_blockNr_1_taskNr_3_trialNr_13_french_recording","f","i","corrected"
"722","378.36","2757.27","english","feef","500320_blockNr_1_taskNr_7_trialNr_19_english_recording","f","i","corrected"
"723","343.74","2574.18","english","peef","500320_blockNr_1_taskNr_7_trialNr_4_english_recording","p","i","corrected"
"724","450.21","769.50","German","pof","500328_blockNr_1_taskNr_3_trialNr_12_German_recording","p","o","corrected"
"725","476.44","1774.76","french","fuf","500328_blockNr_1_taskNr_4_trialNr_20_french_recording","f","u","corrected"
"726","379.21","1366.92","spanish","puf","500328_blockNr_1_taskNr_6_trialNr_20_spanish_recording","p","u","corrected"
"727","405.22","2921.19","spanish","fif","500328_blockNr_1_taskNr_6_trialNr_4_spanish_recording","f","i","corrected"
"728","647.60","1176.93","french","fof","500331_blockNr_1_taskNr_4_trialNr_8_french_recording","f","o","corrected"
"729","410.34","2530.07","english","feef","500331_blockNr_1_taskNr_6_trialNr_4_english_recording","f","i","corrected"
"730","863.04","1413.47","english","puff","500331_blockNr_1_taskNr_6_trialNr_8_english_recording","p","schwa","corrected"
"731","663.78","1066.31","spanish","pof","500331_blockNr_1_taskNr_7_trialNr_20_spanish_recording","p","o","corrected"
"732","892.89","1759.80","spanish","faf","500331_blockNr_1_taskNr_7_trialNr_22_spanish_recording","f","a","corrected"
"733","325.79","2681.87","english","feef","500348_blockNr_1_taskNr_6_trialNr_22_english_recording","f","i","corrected"
"734","520.91","2296.85","spanish","fif","500348_blockNr_1_taskNr_7_trialNr_13_spanish_recording","f","i","corrected"
"735","1011.08","1825.06","spanish","faf","500348_blockNr_1_taskNr_7_trialNr_20_spanish_recording","f","a","corrected"
"736","683.98","1163.59","english","poff","500357_blockNr_1_taskNr_6_trialNr_21_english_recording","p","o","corrected"
"737","478.79","2002.26","french","fuf","500399_blockNr_1_taskNr_3_trialNr_15_french_recording","f","u","corrected"
"738","664.35","1797.13","french","faf","500399_blockNr_1_taskNr_3_trialNr_17_french_recording","f","schwa","corrected"
"739","481.17","2118.34","french","puf","500399_blockNr_1_taskNr_3_trialNr_18_french_recording","p","u","corrected"
"740","649.90","1498.68","french","fof","500399_blockNr_1_taskNr_3_trialNr_19_french_recording","f","o","corrected"
"741","359.17","3050.00","German","fif","500399_blockNr_1_taskNr_4_trialNr_18_German_recording","f","i","corrected"
"742","824.48","1183.26","english","foff","500399_blockNr_1_taskNr_7_trialNr_12_english_recording","f","o","corrected"
"743","409.01","1360.00","english","foof","500399_blockNr_1_taskNr_7_trialNr_7_english_recording","f","u","corrected"
"744","575.70","1757.15","french","faf","500401_blockNr_1_taskNr_3_trialNr_20_french_recording","f","schwa","corrected"
"745","848.46","1294.57","spanish","paf","500401_blockNr_1_taskNr_6_trialNr_2_spanish_recording","p","a","corrected"
"746","683.19","1104.15","spanish","faf","500401_blockNr_1_taskNr_6_trialNr_3_spanish_recording","f","a","corrected"
"747","362.87","1373.84","english","foof","500401_blockNr_1_taskNr_7_trialNr_6_english_recording","f","u","corrected"
"748","381.62","2032.25","french","fuf","500402_blockNr_1_taskNr_4_trialNr_24_french_recording","f","u","corrected"
"749","894.69","1226.40","spanish","pof","500402_blockNr_1_taskNr_7_trialNr_19_spanish_recording","p","o","corrected"
"750","692.99","1252.62","German","paf","500403_blockNr_1_taskNr_3_trialNr_23_German_recording","p","schwa","corrected"
"751","467.22","2098.95","french","puf","500403_blockNr_1_taskNr_4_trialNr_15_french_recording","p","u","corrected"
"752","549.01","1449.86","french","fof","500403_blockNr_1_taskNr_4_trialNr_6_french_recording","f","o","corrected"
"753","323.45","2168.18","french","fif","500422_blockNr_1_taskNr_3_trialNr_22_french_recording","f","i","corrected"
"754","396.52","2301.12","spanish","fif","500422_blockNr_1_taskNr_6_trialNr_16_spanish_recording","f","i","corrected"
"755","992.10","2414.55","spanish","puf","500422_blockNr_1_taskNr_6_trialNr_17_spanish_recording","p","u","corrected"
"756","662.87","1659.82","spanish","pof","500422_blockNr_1_taskNr_6_trialNr_8_spanish_recording","p","o","corrected"
"757","574.37","2024.01","spanish","paf","500458_blockNr_1_taskNr_6_trialNr_15_spanish_recording","p","a","corrected"
"758","565.93","2342.91","spanish","faf","500458_blockNr_1_taskNr_6_trialNr_16_spanish_recording","f","a","corrected"
"759","491.07","1296.63","spanish","pof","500458_blockNr_1_taskNr_6_trialNr_1_spanish_recording","p","o","corrected"
"760","795.31","1158.56","english","foff","500458_blockNr_1_taskNr_7_trialNr_15_english_recording","f","o","corrected"
